Workbook

Sheet ReadMe
B2: Model by: | C2: Jay Prakash
B3: Website: | C3: https://jay-finance.github.io/portfolio/

Sheet ERPcalc
B2: ERP Estimation for Rated Countries
B4: Mature Market | C4: United States
B5: Implied ERP of S&P 500 | C5: 0.04 | D5: < Enter the implied ERP of the US.
B6: Country Risk Premium | C6: =VLOOKUP(C4,'ERPsCRPs&Spreads'!$B$8:$K$164,9,FALSE) -> 0.0099868735
B7: Mature Market ERP | C7: =C5-C6 -> 0.030013127
B9: Country | C9: India | D9: < select the country of which you to the ERP of.
B10: Country Rating | C10: =VLOOKUP(C9,'ERPsCRPs&Spreads'!$B$8:$D$164,3,FALSE) -> Baa3
B11: Country Default Spread (Rating-Based) | C11: =VLOOKUP(C9,'ERPsCRPs&Spreads'!$B$8:$K$164,4,FALSE) -> 0.021767594
B12: Country Default Spread (CDS Net of Switzerland) | C12: =VLOOKUP(C9,'ERPsCRPs&Spreads'!$B$8:$K$164,8,FALSE) -> 0.0067
B13: Country Risk Premium 2 (Rating) | C13: =IFERROR(VLOOKUP(ERPcalc!$C$9,'ERPsCRPs&Spreads'!$B$8:$K$164,6,FALSE),"NA") -> 0.065875822
B14: Country Risk Premium 1 (CDS) | C14: =IFERROR(VLOOKUP(ERPcalc!$C$9,'ERPsCRPs&Spreads'!$B$8:$K$164,9,FALSE),"NA") -> 0.02027638
B16: Equity Risk Premium 3 (Default Spread) | C16: =C5+C11 -> 0.061767594
B17: Equity Risk Premium 2 (CRP on Ratings) | C17: =C5+C13 -> 0.10587582
B18: Equity Risk Premium 1 (CRP on CDS) | C18: =IFERROR(C5+C14,"NA") -> 0.06027638 | D18: =IF(C18="NA","< "&C9&" does not have a CDS spread use ERP 1 or 2","")
B20: ERP Estimation for continents
B22: Region | C22: Asia | D22: < select the continent of which you to the ERP of.
B24: GDP | C24: =VLOOKUP($C$22,RegionalERP!$B$14:$F$17,2,FALSE) -> 34857584
B25: Country Risk Premium | C25: =VLOOKUP($C$22,RegionalERP!$B$14:$F$17,3,FALSE) -> 0.022846338
B26: Equity Risk Premium | C26: =VLOOKUP($C$22,RegionalERP!$B$14:$F$17,4,FALSE) -> 0.052859465
B28: ERP Estimation for Frontier Countries (Not Rated)
B30: Country | C30: Haiti | D30: < select the continent of which you to the ERP of.
B31: PRS Score | C31: =VLOOKUP(C30,'ERPsCRPs&Spreads'!$B$169:$I$189,3,FALSE) -> 54.75
B33: Default Spread (PRS) | C33: =VLOOKUP(C30,'ERPsCRPs&Spreads'!$B$169:$I$189,5,FALSE) -> 0.11884874
B34: Country Risk Premium (PRS) | C34: =VLOOKUP(C30,'ERPsCRPs&Spreads'!$B$169:$I$189,7,FALSE) -> 0.35967494
B35: Equity Risk Premium (PRS) | C35: =C5+C34 -> 0.39967494

Sheet RelativeVolatility
B2: Relative Volatility for Equity Markets
B4: Year | C4: Stdev (ACWI) | D4: Stdev (JPM Bond) | E4: Relative Volatility
B6: 2020 | C6: =_xlfn.STDEV.S(D23:D275)*SQRT(253) -> 0.3213956 | D6: =_xlfn.STDEV.S(H23:H274)*SQRT(252) -> 0.068708372 | E6: =C6/D6 -> 4.6776774
B7: 2021 | C7: =_xlfn.STDEV.S(D277:D528)*SQRT(252) -> 0.12656485 | D7: =_xlfn.STDEV.S(H276:H530)*SQRT(255) -> 0.036745396 | E7: =C7/D7 -> 3.444373
B8: 2022 | C8: =_xlfn.STDEV.S(D530:D780)*SQRT(251) -> 0.22780804 | D8: =_xlfn.STDEV.S(H532:H782)*SQRT(251) -> 0.068330013 | E8: =C8/D8 -> 3.3339382
B9: 2023 | C9: =_xlfn.STDEV.S(D782:D1031)*SQRT(250) -> 0.12757646 | D9: =_xlfn.STDEV.S(H784:H1033)*SQRT(250) -> 0.07319222 | E9: =C9/D9 -> 1.7430331
B10: 2024 | C10: =_xlfn.STDEV.S(D1033:D1284)*SQRT(252) -> 0.11947819 | D10: =_xlfn.STDEV.S(H1035:H1284)*SQRT(250) -> 0.05630262 | E10: =C10/D10 -> 2.1220716
B11: 2025 | C11: =_xlfn.STDEV.S(D1286:D1535)*SQRT(250) -> 0.1717051 | D11: =_xlfn.STDEV.S(H1286:H1531)*SQRT(246) -> 0.051144433 | E11: =C11/D11 -> 3.3572588
B12: 2026 | C12: =_xlfn.STDEV.S(D1537:D1612)*SQRT(76) -> 0.090046943 | D12: =_xlfn.STDEV.S(H1533:H1607)*SQRT(75) -> 0.037000559 | E12: =C12/D12 -> 2.4336644
B13: Avg Volatility | C13: =AVERAGE(C6:C12) -> 0.16922503 | D13: =AVERAGE(D6:D12) -> 0.055917659 | E13: =C13/D13 -> 3.0263253
B16: Index: | C16: iShares MSCI ACWI ETF (ACWI) | F16: Index: | G16: JPMorgan Funds - Global Aggregate Bond Fund
B17: Period: | C17: 5 Years (1st Jan 2020 - April 2026) | F17: Period: | G17: 5 Years (1st Jan 2020 - April 2026)
B18: Interval: | C18: Daily | F18: Interval: | G18: Daily
B20: Date | C20: Adj Close | D20: Return | F20: Date | G20: Adj Close | H20: Return
B22: 43830 | C22: 79.25 | F22: 31.12.2019 | G22: 13.54
B23: 43832 | C23: 80.07 | D23: =C23/C22-1 -> 0.010347003 | F23: 02.01.2020 | G23: 13.55 | H23: =G23/G22-1 -> 0.00073855244
B24: 43833 | C24: 79.38 | D24: =C24/C23-1 -> -0.0086174597 | F24: 03.01.2020 | G24: 13.57 | H24: =G24/G23-1 -> 0.0014760148
B25: 43836 | C25: 79.56 | D25: =C25/C24-1 -> 0.0022675737 | F25: 06.01.2020 | G25: 13.6 | H25: =G25/G24-1 -> 0.002210759
B26: 43837 | C26: 79.36 | D26: =C26/C25-1 -> -0.002513826 | F26: 07.01.2020 | G26: 13.55 | H26: =G26/G25-1 -> -0.0036764706
B27: 43838 | C27: 79.75 | D27: =C27/C26-1 -> 0.0049143145 | F27: 08.01.2020 | G27: 13.53 | H27: =G27/G26-1 -> -0.0014760148
B28: 43839 | C28: 80.2 | D28: =C28/C27-1 -> 0.0056426332 | F28: 09.01.2020 | G28: 13.5 | H28: =G28/G27-1 -> -0.0022172949
B29: 43840 | C29: 80.02 | D29: =C29/C28-1 -> -0.002244389 | F29: 10.01.2020 | G29: 13.52 | H29: =G29/G28-1 -> 0.0014814815
B30: 43843 | C30: 80.62 | D30: =C30/C29-1 -> 0.0074981255 | F30: 13.01.2020 | G30: 13.51 | H30: =G30/G29-1 -> -0.00073964497
B31: 43844 | C31: 80.55 | D31: =C31/C30-1 -> -0.0008682709 | F31: 14.01.2020 | G31: 13.52 | H31: =G31/G30-1 -> 0.00074019245
B32: 43845 | C32: 80.5 | D32: =C32/C31-1 -> -0.00062073246 | F32: 15.01.2020 | G32: 13.54 | H32: =G32/G31-1 -> 0.0014792899
B33: 43846 | C33: 81.09 | D33: =C33/C32-1 -> 0.0073291925 | F33: 16.01.2020 | G33: 13.54 | H33: =G33/G32-1 -> 0
B34: 43847 | C34: 81.31 | D34: =C34/C33-1 -> 0.0027130349 | F34: 17.01.2020 | G34: 13.53 | H34: =G34/G33-1 -> -0.00073855244
... B274: 44195 | C274: 90.66 | D274: =C274/C273-1 -> 0.0033200531 | F274: 31.12.2020 | G274: 15.02 | H274: =G274/G273-1 -> 0.00066622252
B275: 44196 | C275: 90.72 | D275: =C275/C274-1 -> 0.00066181337
F276: 04.01.2021 | G276: 15.04 | H276: =G276/G274-1 -> 0.0013315579
B277: 44200 | C277: 90.22 | D277: =C277/C275-1 -> -0.0055114638 | F277: 05.01.2021 | G277: 15.03 | H277: =G277/G276-1 -> -0.00066489362
B278: 44201 | C278: 91.15 | D278: =C278/C277-1 -> 0.010308136 | F278: 06.01.2021 | G278: 15 | H278: =G278/G277-1 -> -0.001996008
B279: 44202 | C279: 91.66 | D279: =C279/C278-1 -> 0.0055951728 | F279: 07.01.2021 | G279: 14.96 | H279: =G279/G278-1 -> -0.0026666667
B280: 44203 | C280: 92.62 | D280: =C280/C279-1 -> 0.010473489 | F280: 08.01.2021 | G280: 14.96 | H280: =G280/G279-1 -> 0
B281: 44204 | C281: 93.44 | D281: =C281/C280-1 -> 0.0088533794 | F281: 11.01.2021 | G281: 14.88 | H281: =G281/G280-1 -> -0.0053475936
B282: 44207 | C282: 92.62 | D282: =C282/C281-1 -> -0.0087756849 | F282: 12.01.2021 | G282: 14.87 | H282: =G282/G281-1 -> -0.00067204301
B283: 44208 | C283: 92.95 | D283: =C283/C282-1 -> 0.0035629454 | F283: 13.01.2021 | G283: 14.9 | H283: =G283/G282-1 -> 0.0020174849
B284: 44209 | C284: 93.01 | D284: =C284/C283-1 -> 0.00064550834 | F284: 14.01.2021 | G284: 14.9 | H284: =G284/G283-1 -> 0
B285: 44210 | C285: 93.15 | D285: =C285/C284-1 -> 0.0015052145 | F285: 15.01.2021 | G285: 14.88 | H285: =G285/G284-1 -> -0.0013422819
B286: 44211 | C286: 92.17 | D286: =C286/C285-1 -> -0.010520666 | F286: 19.01.2021 | G286: 14.89 | H286: =G286/G285-1 -> 0.00067204301
B287: 44215 | C287: 93.03 | D287: =C287/C286-1 -> 0.0093305848 | F287: 20.01.2021 | G287: 14.9 | H287: =G287/G286-1 -> 0.00067159167
B288: 44216 | C288: 94.19 | D288: =C288/C287-1 -> 0.012469096 | F288: 21.01.2021 | G288: 14.92 | H288: =G288/G287-1 -> 0.0013422819
B289: 44217 | C289: 94.21 | D289: =C289/C288-1 -> 0.00021233677 | F289: 22.01.2021 | G289: 14.89 | H289: =G289/G288-1 -> -0.0020107239
... B528: 44561 | C528: 105.78 | D528: =C528/C527-1 -> -0.0016045304 | F528: 29.12.2021 | G528: 14.41 | H528: =G528/G527-1 -> -0.0013860014
F529: 30.12.2021 | G529: 14.41 | H529: =G529/G528-1 -> 0
B530: 44564 | C530: 106.34 | D530: =C530/C528-1 -> 0.0052940064 | F530: 31.12.2021 | G530: 14.43 | H530: =G530/G529-1 -> 0.0013879251
B531: 44565 | C531: 106.25 | D531: =C531/C530-1 -> -0.00084634192
B532: 44566 | C532: 104.52 | D532: =C532/C531-1 -> -0.016282353 | F532: 03.01.2022 | G532: 14.37 | H532: =G532/G530-1 -> -0.0041580042
B533: 44567 | C533: 104.3 | D533: =C533/C532-1 -> -0.0021048603 | F533: 04.01.2022 | G533: 14.34 | H533: =G533/G532-1 -> -0.0020876827
B534: 44568 | C534: 104.28 | D534: =C534/C533-1 -> -0.00019175455 | F534: 05.01.2022 | G534: 14.35 | H534: =G534/G533-1 -> 0.00069735007
B535: 44571 | C535: 103.98 | D535: =C535/C534-1 -> -0.00287687 | F535: 06.01.2022 | G535: 14.29 | H535: =G535/G534-1 -> -0.0041811847
B536: 44572 | C536: 105.22 | D536: =C536/C535-1 -> 0.01192537 | F536: 07.01.2022 | G536: 14.3 | H536: =G536/G535-1 -> 0.00069979006
B537: 44573 | C537: 105.86 | D537: =C537/C536-1 -> 0.0060824938 | F537: 10.01.2022 | G537: 14.27 | H537: =G537/G536-1 -> -0.0020979021
B538: 44574 | C538: 104.44 | D538: =C538/C537-1 -> -0.013413943 | F538: 11.01.2022 | G538: 14.3 | H538: =G538/G537-1 -> 0.0021023125
B539: 44575 | C539: 104.47 | D539: =C539/C538-1 -> 0.00028724627 | F539: 12.01.2022 | G539: 14.37 | H539: =G539/G538-1 -> 0.0048951049
B540: 44579 | C540: 102.66 | D540: =C540/C539-1 -> -0.017325548 | F540: 13.01.2022 | G540: 14.41 | H540: =G540/G539-1 -> 0.0027835769
B541: 44580 | C541: 102.04 | D541: =C541/C540-1 -> -0.0060393532 | F541: 14.01.2022 | G541: 14.39 | H541: =G541/G540-1 -> -0.0013879251
B542: 44581 | C542: 101.24 | D542: =C542/C541-1 -> -0.0078400627 | F542: 18.01.2022 | G542: 14.33 | H542: =G542/G541-1 -> -0.0041695622
B543: 44582 | C543: 99.52 | D543: =C543/C542-1 -> -0.016989332 | F543: 19.01.2022 | G543: 14.31 | H543: =G543/G542-1 -> -0.0013956734
B544: 44585 | C544: 99.36 | D544: =C544/C543-1 -> -0.001607717 | F544: 20.01.2022 | G544: 14.33 | H544: =G544/G543-1 -> 0.001397624
... B780: 44925 | C780: 84.88 | D780: =C780/C779-1 -> -0.0059725963 | F780: 29.12.2022 | G780: 12.14 | H780: =G780/G779-1 -> -0.00082304527
F781: 30.12.2022 | G781: 12.19 | H781: =G781/G780-1 -> 0.0041186161
B782: 44929 | C782: 84.9 | D782: =C782/C780-1 -> 0.00023562677 | F782: 31.12.2022 | G782: 12.19 | H782: =G782/G781-1 -> 0
B783: 44930 | C783: 85.98 | D783: =C783/C782-1 -> 0.012720848
B784: 44931 | C784: 85.1 | D784: =C784/C783-1 -> -0.010234938 | F784: 03.01.2023 | G784: 12.21 | H784: =G784/G782-1 -> 0.0016406891
B785: 44932 | C785: 87.07 | D785: =C785/C784-1 -> 0.023149236 | F785: 04.01.2023 | G785: 12.25 | H785: =G785/G784-1 -> 0.0032760033
B786: 44935 | C786: 87.26 | D786: =C786/C785-1 -> 0.0021821523 | F786: 05.01.2023 | G786: 12.18 | H786: =G786/G785-1 -> -0.0057142857
B787: 44936 | C787: 87.75 | D787: =C787/C786-1 -> 0.0056154022 | F787: 06.01.2023 | G787: 12.19 | H787: =G787/G786-1 -> 0.00082101806
B788: 44937 | C788: 88.67 | D788: =C788/C787-1 -> 0.01048433 | F788: 09.01.2023 | G788: 12.41 | H788: =G788/G787-1 -> 0.01804758
B789: 44938 | C789: 89.29 | D789: =C789/C788-1 -> 0.0069922183 | F789: 10.01.2023 | G789: 12.41 | H789: =G789/G788-1 -> 0
B790: 44939 | C790: 89.69 | D790: =C790/C789-1 -> 0.004479785 | F790: 11.01.2023 | G790: 12.42 | H790: =G790/G789-1 -> 0.00080580177
B791: 44943 | C791: 89.63 | D791: =C791/C790-1 -> -0.0006689709 | F791: 12.01.2023 | G791: 12.49 | H791: =G791/G790-1 -> 0.0056360709
B792: 44944 | C792: 88.65 | D792: =C792/C791-1 -> -0.010933839 | F792: 13.01.2023 | G792: 12.65 | H792: =G792/G791-1 -> 0.012810248
B793: 44945 | C793: 88.3 | D793: =C793/C792-1 -> -0.0039481105 | F793: 17.01.2023 | G793: 12.6 | H793: =G793/G792-1 -> -0.0039525692
B794: 44946 | C794: 89.67 | D794: =C794/C793-1 -> 0.015515289 | F794: 18.01.2023 | G794: 12.69 | H794: =G794/G793-1 -> 0.0071428571
B795: 44949 | C795: 90.46 | D795: =C795/C794-1 -> 0.0088100814 | F795: 19.01.2023 | G795: 12.67 | H795: =G795/G794-1 -> -0.0015760441
B796: 44950 | C796: 90.34 | D796: =C796/C795-1 -> -0.0013265532 | F796: 20.01.2023 | G796: 12.62 | H796: =G796/G795-1 -> -0.0039463299
... B1031: 45289 | C1031: 101.77 | D1031: =C1031/C1030-1 -> -0.0018634759 | F1031: 28.12.2023 | G1031: 12.78 | H1031: =G1031/G1030-1 -> 0.0039277298
F1032: 29.12.2023 | G1032: 12.71 | H1032: =G1032/G1031-1 -> -0.0054773083
B1033: 45293 | C1033: 100.9 | D1033: =C1033/C1031-1 -> -0.0085486882 | F1033: 31.12.2023 | G1033: 12.71 | H1033: =G1033/G1032-1 -> 0
B1034: 45294 | C1034: 100.1 | D1034: =C1034/C1033-1 -> -0.0079286422
B1035: 45295 | C1035: 99.99 | D1035: =C1035/C1034-1 -> -0.0010989011 | F1035: 02.01.2024 | G1035: 12.64 | H1035: =G1035/G1033-1 -> -0.0055074744
B1036: 45296 | C1036: 100.08 | D1036: =C1036/C1035-1 -> 0.00090009001 | F1036: 03.01.2024 | G1036: 12.56 | H1036: =G1036/G1035-1 -> -0.0063291139
B1037: 45299 | C1037: 101.28 | D1037: =C1037/C1036-1 -> 0.011990408 | F1037: 04.01.2024 | G1037: 12.52 | H1037: =G1037/G1036-1 -> -0.0031847134
B1038: 45300 | C1038: 100.82 | D1038: =C1038/C1037-1 -> -0.0045418641 | F1038: 05.01.2024 | G1038: 12.51 | H1038: =G1038/G1037-1 -> -0.00079872204
B1039: 45301 | C1039: 101.29 | D1039: =C1039/C1038-1 -> 0.0046617735 | F1039: 08.01.2024 | G1039: 12.51 | H1039: =G1039/G1038-1 -> 0
B1040: 45302 | C1040: 101.24 | D1040: =C1040/C1039-1 -> -0.00049363215 | F1040: 09.01.2024 | G1040: 12.53 | H1040: =G1040/G1039-1 -> 0.001598721
B1041: 45303 | C1041: 101.45 | D1041: =C1041/C1040-1 -> 0.0020742789 | F1041: 10.01.2024 | G1041: 12.51 | H1041: =G1041/G1040-1 -> -0.0015961692
B1042: 45307 | C1042: 100.56 | D1042: =C1042/C1041-1 -> -0.0087727945 | F1042: 11.01.2024 | G1042: 12.51 | H1042: =G1042/G1041-1 -> 0
B1043: 45308 | C1043: 99.79 | D1043: =C1043/C1042-1 -> -0.0076571201 | F1043: 12.01.2024 | G1043: 12.59 | H1043: =G1043/G1042-1 -> 0.0063948841
B1044: 45309 | C1044: 100.66 | D1044: =C1044/C1043-1 -> 0.0087183084 | F1044: 16.01.2024 | G1044: 12.5 | H1044: =G1044/G1043-1 -> -0.0071485306
B1045: 45310 | C1045: 101.67 | D1045: =C1045/C1044-1 -> 0.010033777 | F1045: 17.01.2024 | G1045: 12.4 | H1045: =G1045/G1044-1 -> -0.008
B1046: 45313 | C1046: 101.83 | D1046: =C1046/C1045-1 -> 0.0015737189 | F1046: 18.01.2024 | G1046: 12.38 | H1046: =G1046/G1045-1 -> -0.0016129032
B1047: 45314 | C1047: 102.04 | D1047: =C1047/C1046-1 -> 0.0020622606 | F1047: 19.01.2024 | G1047: 12.38 | H1047: =G1047/G1046-1 -> 0
... B1284: 45657 | C1284: 117.5 | D1284: =C1284/C1283-1 -> -0.0027160075 | F1284: 31.12.2024 | G1284: 12.49 | H1284: =G1284/G1283-1 -> 0.00080128205
B1286: 45659 | C1286: 117.27 | D1286: -0.002 | F1286: 2025 | G1286: 12.45 | H1286: -0.0032
B1287: 45660 | C1287: 118.49 | D1287: =C1287/C1286-1 -> 0.010403343 | F1287: 2025 | G1287: 12.44 | H1287: -0.0008
B1288: 45663 | C1288: 119.31 | D1288: =C1288/C1287-1 -> 0.0069204152 | F1288: 2025 | G1288: 12.46 | H1288: 0.0016
B1289: 45664 | C1289: 118.16 | D1289: =C1289/C1288-1 -> -0.0096387562 | F1289: 2025 | G1289: 12.44 | H1289: -0.0016
B1290: 45665 | C1290: 118.17 | D1290: =C1290/C1289-1 -> 8.4631009e-05 | F1290: 2025 | G1290: 12.36 | H1290: -0.0064
...

Sheet ERPsCRPs&Spreads
B2: Country and Equity Risk Premiums
B3: Current Equity Risk Premium of Mature Market | E3: =ERPcalc!C7 -> 0.030013127
B4: Multiplier to use on Default Spread for estimating Country Risk Premium | E4: =RelativeVolatility!E13 -> 3.0263253 | F4: < Relavtive volatility on equity markets
A7: # | B7: Country | C7: Region | D7: Moody's rating | E7: Rating-based Default Spread | F7: Equity Risk Premium 3 | G7: Country Risk Premium 2 | H7: Equity Risk Premium 2 | I7: CDS, net of Switzerland | J7: Country Risk Premium 1 | K7: Equity Risk Premium 1 | M7: S&P | N7: Moody's | O7: Default Spread
B8: Abu Dhabi | C8: =VLOOKUP(B8,RegionLookup!$B$3:$C$184,2,FALSE) -> Middle East | D8: =VLOOKUP(B8,'Ratings&PRS'!$B$4:$C$160,2,FALSE) -> Aa2 | E8: =VLOOKUP(D8,$N$8:$O$30,2,FALSE)/10000 -> 0.0048889784 | F8: =$E$3+E8 -> 0.034902105 | G8: =E8*$E$4 -> 0.014795639 | H8: =$E$3+G8 -> 0.044808766 | I8: =IFERROR(VLOOKUP(B8,CDS!$B$8:$D$97,3,FALSE),"NA") -> 0.0051 | J8: =IF(I8="NA","NA",$E$4*I8) -> 0.015434259 | K8: =IF(J8="NA","NA",$E$3+J8) -> 0.045447386 | M8: =[1]RatingSpreads!B8 -> AAA | N8: =[1]RatingSpreads!C8 -> Aaa | O8: =[1]RatingSpreads!D8 -> 0
B9: Albania | C9: =VLOOKUP(B9,RegionLookup!$B$3:$C$184,2,FALSE) -> Eastern Europe & Russia | D9: =VLOOKUP(B9,'Ratings&PRS'!$B$4:$C$160,2,FALSE) -> Ba3 | E9: =VLOOKUP(D9,$N$8:$O$30,2,FALSE)/10000 -> 0.0356197 | F9: =$E$3+E9 -> 0.065632826 | G9: =E9*$E$4 -> 0.1077968 | H9: =$E$3+G9 -> 0.13780993 | I9: =IFERROR(VLOOKUP(B9,CDS!$B$8:$D$97,3,FALSE),"NA") -> NA | J9: =IF(I9="NA","NA",$E$4*I9) -> NA | K9: =IF(J9="NA","NA",$E$3+J9) -> NA | M9: =[1]RatingSpreads!B9 -> AA+ | N9: =[1]RatingSpreads!C9 -> Aa1 | O9: =[1]RatingSpreads!D9 -> 39.577444
B10: Andorra (Principality of) | C10: =VLOOKUP(B10,RegionLookup!$B$3:$C$184,2,FALSE) -> Western Europe | D10: =VLOOKUP(B10,'Ratings&PRS'!$B$4:$C$160,2,FALSE) -> Baa1 | E10: =VLOOKUP(D10,$N$8:$O$30,2,FALSE)/10000 -> 0.015830978 | F10: =$E$3+E10 -> 0.045844104 | G10: =E10*$E$4 -> 0.047909689 | H10: =$E$3+G10 -> 0.077922815 | I10: =IFERROR(VLOOKUP(B10,CDS!$B$8:$D$97,3,FALSE),"NA") -> NA | J10: =IF(I10="NA","NA",$E$4*I10) -> NA | K10: =IF(J10="NA","NA",$E$3+J10) -> NA | M10: =[1]RatingSpreads!B10 -> AA | N10: =[1]RatingSpreads!C10 -> Aa2 | O10: =[1]RatingSpreads!D10 -> 48.889784
B11: Angola | C11: =VLOOKUP(B11,RegionLookup!$B$3:$C$184,2,FALSE) -> Africa | D11: =VLOOKUP(B11,'Ratings&PRS'!$B$4:$C$160,2,FALSE) -> B3 | E11: =VLOOKUP(D11,$N$8:$O$30,2,FALSE)/10000 -> 0.064371549 | F11: =$E$3+E11 -> 0.094384676 | G11: =E11*$E$4 -> 0.19480925 | H11: =$E$3+G11 -> 0.22482237 | I11: =IFERROR(VLOOKUP(B11,CDS!$B$8:$D$97,3,FALSE),"NA") -> 0.0699 | J11: =IF(I11="NA","NA",$E$4*I11) -> 0.21154014 | K11: =IF(J11="NA","NA",$E$3+J11) -> 0.24155327 | M11: =[1]RatingSpreads!B11 -> AA- | N11: =[1]RatingSpreads!C11 -> Aa3 | O11: =[1]RatingSpreads!D11 -> 59.366167
B12: Argentina | C12: =VLOOKUP(B12,RegionLookup!$B$3:$C$184,2,FALSE) -> Central and South America | D12: =VLOOKUP(B12,'Ratings&PRS'!$B$4:$C$160,2,FALSE) -> Ca | E12: =VLOOKUP(D12,$N$8:$O$30,2,FALSE)/10000 -> 0.11884874 | F12: =$E$3+E12 -> 0.14886186 | G12: =E12*$E$4 -> 0.35967494 | H12: =$E$3+G12 -> 0.38968807 | I12: =IFERROR(VLOOKUP(B12,CDS!$B$8:$D$97,3,FALSE),"NA") -> 0.082 | J12: =IF(I12="NA","NA",$E$4*I12) -> 0.24815867 | K12: =IF(J12="NA","NA",$E$3+J12) -> 0.2781718 | M12: =[1]RatingSpreads!B12 -> A+ | N12: =[1]RatingSpreads!C12 -> A1 | O12: =[1]RatingSpreads!D12 -> 69.842549
B13: Armenia | C13: =VLOOKUP(B13,RegionLookup!$B$3:$C$184,2,FALSE) -> Eastern Europe & Russia | D13: =VLOOKUP(B13,'Ratings&PRS'!$B$4:$C$160,2,FALSE) -> Ba3 | E13: =VLOOKUP(D13,$N$8:$O$30,2,FALSE)/10000 -> 0.0356197 | F13: =$E$3+E13 -> 0.065632826 | G13: =E13*$E$4 -> 0.1077968 | H13: =$E$3+G13 -> 0.13780993 | I13: =IFERROR(VLOOKUP(B13,CDS!$B$8:$D$97,3,FALSE),"NA") -> NA | J13: =IF(I13="NA","NA",$E$4*I13) -> NA | K13: =IF(J13="NA","NA",$E$3+J13) -> NA | M13: =[1]RatingSpreads!B13 -> A | N13: =[1]RatingSpreads!C13 -> A2 | O13: =[1]RatingSpreads!D13 -> 83.811059
B14: Aruba | C14: =VLOOKUP(B14,RegionLookup!$B$3:$C$184,2,FALSE) -> Caribbean | D14: =VLOOKUP(B14,'Ratings&PRS'!$B$4:$C$160,2,FALSE) -> Baa3 | E14: =VLOOKUP(D14,$N$8:$O$30,2,FALSE)/10000 -> 0.021767594 | F14: =$E$3+E14 -> 0.051780721 | G14: =E14*$E$4 -> 0.065875822 | H14: =$E$3+G14 -> 0.095888948 | I14: =IFERROR(VLOOKUP(B14,CDS!$B$8:$D$97,3,FALSE),"NA") -> NA | J14: =IF(I14="NA","NA",$E$4*I14) -> NA | K14: =IF(J14="NA","NA",$E$3+J14) -> NA | M14: =[1]RatingSpreads!B14 -> A- | N14: =[1]RatingSpreads!C14 -> A3 | O14: =[1]RatingSpreads!D14 -> 118.73233
B15: Australia | C15: =VLOOKUP(B15,RegionLookup!$B$3:$C$184,2,FALSE) -> Australia & New Zealand | D15: =VLOOKUP(B15,'Ratings&PRS'!$B$4:$C$160,2,FALSE) -> Aaa | E15: =VLOOKUP(D15,$N$8:$O$30,2,FALSE)/10000 -> 0 | F15: =$E$3+E15 -> 0.030013127 | G15: =E15*$E$4 -> 0 | H15: =$E$3+G15 -> 0.030013127 | I15: =IFERROR(VLOOKUP(B15,CDS!$B$8:$D$97,3,FALSE),"NA") -> 0.0001 | J15: =IF(I15="NA","NA",$E$4*I15) -> 0.00030263253 | K15: =IF(J15="NA","NA",$E$3+J15) -> 0.030315759 | M15: =[1]RatingSpreads!B15 -> BBB+ | N15: =[1]RatingSpreads!C15 -> Baa1 | O15: =[1]RatingSpreads!D15 -> 158.30978
B16: Austria | C16: =VLOOKUP(B16,RegionLookup!$B$3:$C$184,2,FALSE) -> Western Europe | D16: =VLOOKUP(B16,'Ratings&PRS'!$B$4:$C$160,2,FALSE) -> Aa1 | E16: =VLOOKUP(D16,$N$8:$O$30,2,FALSE)/10000 -> 0.0039577444 | F16: =$E$3+E16 -> 0.033970871 | G16: =E16*$E$4 -> 0.011977422 | H16: =$E$3+G16 -> 0.041990549 | I16: =IFERROR(VLOOKUP(B16,CDS!$B$8:$D$97,3,FALSE),"NA") -> 0.0015 | J16: =IF(I16="NA","NA",$E$4*I16) -> 0.004539488 | K16: =IF(J16="NA","NA",$E$3+J16) -> 0.034552614 | M16: =[1]RatingSpreads!B16 -> BBB | N16: =[1]RatingSpreads!C16 -> Baa2 | O16: =[1]RatingSpreads!D16 -> 188.57488
B17: Azerbaijan | C17: =VLOOKUP(B17,RegionLookup!$B$3:$C$184,2,FALSE) -> Eastern Europe & Russia | D17: =VLOOKUP(B17,'Ratings&PRS'!$B$4:$C$160,2,FALSE) -> Ba1 | E17: =VLOOKUP(D17,$N$8:$O$30,2,FALSE)/10000 -> 0.024794105 | F17: =$E$3+E17 -> 0.054807231 | G17: =E17*$E$4 -> 0.075035027 | H17: =$E$3+G17 -> 0.10504815 | I17: =IFERROR(VLOOKUP(B17,CDS!$B$8:$D$97,3,FALSE),"NA") -> NA | J17: =IF(I17="NA","NA",$E$4*I17) -> NA | K17: =IF(J17="NA","NA",$E$3+J17) -> NA | M17: =[1]RatingSpreads!B17 -> BBB- | N17: =[1]RatingSpreads!C17 -> Baa3 | O17: =[1]RatingSpreads!D17 -> 217.67594
B18: Bahamas | C18: =VLOOKUP(B18,RegionLookup!$B$3:$C$184,2,FALSE) -> Caribbean | D18: =VLOOKUP(B18,'Ratings&PRS'!$B$4:$C$160,2,FALSE) -> B1 | E18: =VLOOKUP(D18,$N$8:$O$30,2,FALSE)/10000 -> 0.044582827 | F18: =$E$3+E18 -> 0.074595954 | G18: =E18*$E$4 -> 0.13492214 | H18: =$E$3+G18 -> 0.16493526 | I18: =IFERROR(VLOOKUP(B18,CDS!$B$8:$D$97,3,FALSE),"NA") -> NA | J18: =IF(I18="NA","NA",$E$4*I18) -> NA | K18: =IF(J18="NA","NA",$E$3+J18) -> NA | M18: =[1]RatingSpreads!B18 -> BB+ | N18: =[1]RatingSpreads!C18 -> Ba1 | O18: =[1]RatingSpreads!D18 -> 247.94105
B19: Bahrain | C19: =VLOOKUP(B19,RegionLookup!$B$3:$C$184,2,FALSE) -> Middle East | D19: =VLOOKUP(B19,'Ratings&PRS'!$B$4:$C$160,2,FALSE) -> B2 | E19: =VLOOKUP(D19,$N$8:$O$30,2,FALSE)/10000 -> 0.054477188 | F19: =$E$3+E19 -> 0.084490315 | G19: =E19*$E$4 -> 0.16486569 | H19: =$E$3+G19 -> 0.19487882 | I19: =IFERROR(VLOOKUP(B19,CDS!$B$8:$D$97,3,FALSE),"NA") -> 0.0262 | J19: =IF(I19="NA","NA",$E$4*I19) -> 0.079289723 | K19: =IF(J19="NA","NA",$E$3+J19) -> 0.10930285 | M19: =[1]RatingSpreads!B19 -> BB | N19: =[1]RatingSpreads!C19 -> Ba2 | O19: =[1]RatingSpreads!D19 -> 297.99488
... B30: Brazil | C30: =VLOOKUP(B30,RegionLookup!$B$3:$C$184,2,FALSE) -> Central and South America | D30: =VLOOKUP(B30,'Ratings&PRS'!$B$4:$C$160,2,FALSE) -> Ba1 | E30: =VLOOKUP(D30,$N$8:$O$30,2,FALSE)/10000 -> 0.024794105 | F30: =$E$3+E30 -> 0.054807231 | G30: =E30*$E$4 -> 0.075035027 | H30: =$E$3+G30 -> 0.10504815 | I30: =IFERROR(VLOOKUP(B30,CDS!$B$8:$D$97,3,FALSE),"NA") -> 0.0238 | J30: =IF(I30="NA","NA",$E$4*I30) -> 0.072026542 | K30: =IF(J30="NA","NA",$E$3+J30) -> 0.10203967 | M30: =[1]RatingSpreads!B30 -> NR | N30: =[1]RatingSpreads!C30 -> NR | O30: =[1]RatingSpreads!D30 -> NA
B31: Bulgaria | C31: =VLOOKUP(B31,RegionLookup!$B$3:$C$184,2,FALSE) -> Eastern Europe & Russia | D31: =VLOOKUP(B31,'Ratings&PRS'!$B$4:$C$160,2,FALSE) -> Baa1 | E31: =VLOOKUP(D31,$N$8:$O$30,2,FALSE)/10000 -> 0.015830978 | F31: =$E$3+E31 -> 0.045844104 | G31: =E31*$E$4 -> 0.047909689 | H31: =$E$3+G31 -> 0.077922815 | I31: =IFERROR(VLOOKUP(B31,CDS!$B$8:$D$97,3,FALSE),"NA") -> 0.0095 | J31: =IF(I31="NA","NA",$E$4*I31) -> 0.02875009 | K31: =IF(J31="NA","NA",$E$3+J31) -> 0.058763217
B32: Burkina Faso | C32: =VLOOKUP(B32,RegionLookup!$B$3:$C$184,2,FALSE) -> Africa | D32: =VLOOKUP(B32,'Ratings&PRS'!$B$4:$C$160,2,FALSE) -> Caa1 | E32: =VLOOKUP(D32,$N$8:$O$30,2,FALSE)/10000 -> 0.07426591 | F32: =$E$3+E32 -> 0.10427904 | G32: =E32*$E$4 -> 0.2247528 | H32: =$E$3+G32 -> 0.25476593 | I32: =IFERROR(VLOOKUP(B32,CDS!$B$8:$D$97,3,FALSE),"NA") -> NA | J32: =IF(I32="NA","NA",$E$4*I32) -> NA | K32: =IF(J32="NA","NA",$E$3+J32) -> NA
B33: Cambodia | C33: =VLOOKUP(B33,RegionLookup!$B$3:$C$184,2,FALSE) -> Asia | D33: =VLOOKUP(B33,'Ratings&PRS'!$B$4:$C$160,2,FALSE) -> B2 | E33: =VLOOKUP(D33,$N$8:$O$30,2,FALSE)/10000 -> 0.054477188 | F33: =$E$3+E33 -> 0.084490315 | G33: =E33*$E$4 -> 0.16486569 | H33: =$E$3+G33 -> 0.19487882 | I33: =IFERROR(VLOOKUP(B33,CDS!$B$8:$D$97,3,FALSE),"NA") -> NA | J33: =IF(I33="NA","NA",$E$4*I33) -> NA | K33: =IF(J33="NA","NA",$E$3+J33) -> NA
B34: Cameroon | C34: =VLOOKUP(B34,RegionLookup!$B$3:$C$184,2,FALSE) -> Africa | D34: =VLOOKUP(B34,'Ratings&PRS'!$B$4:$C$160,2,FALSE) -> Caa1 | E34: =VLOOKUP(D34,$N$8:$O$30,2,FALSE)/10000 -> 0.07426591 | F34: =$E$3+E34 -> 0.10427904 | G34: =E34*$E$4 -> 0.2247528 | H34: =$E$3+G34 -> 0.25476593 | I34: =IFERROR(VLOOKUP(B34,CDS!$B$8:$D$97,3,FALSE),"NA") -> 0.0786 | J34: =IF(I34="NA","NA",$E$4*I34) -> 0.23786917 | K34: =IF(J34="NA","NA",$E$3+J34) -> 0.2678823
B35: Canada | C35: =VLOOKUP(B35,RegionLookup!$B$3:$C$184,2,FALSE) -> North America | D35: =VLOOKUP(B35,'Ratings&PRS'!$B$4:$C$160,2,FALSE) -> Aaa | E35: =VLOOKUP(D35,$N$8:$O$30,2,FALSE)/10000 -> 0 | F35: =$E$3+E35 -> 0.030013127 | G35: =E35*$E$4 -> 0 | H35: =$E$3+G35 -> 0.030013127 | I35: =IFERROR(VLOOKUP(B35,CDS!$B$8:$D$97,3,FALSE),"NA") -> 0.002 | J35: =IF(I35="NA","NA",$E$4*I35) -> 0.0060526506 | K35: =IF(J35="NA","NA",$E$3+J35) -> 0.036065777
B36: Cape Verde | C36: =VLOOKUP(B36,RegionLookup!$B$3:$C$184,2,FALSE) -> Africa | D36: =VLOOKUP(B36,'Ratings&PRS'!$B$4:$C$160,2,FALSE) -> B2 | E36: =VLOOKUP(D36,$N$8:$O$30,2,FALSE)/10000 -> 0.054477188 | F36: =$E$3+E36 -> 0.084490315 | G36: =E36*$E$4 -> 0.16486569 | H36: =$E$3+G36 -> 0.19487882 | I36: =IFERROR(VLOOKUP(B36,CDS!$B$8:$D$97,3,FALSE),"NA") -> NA | J36: =IF(I36="NA","NA",$E$4*I36) -> NA | K36: =IF(J36="NA","NA",$E$3+J36) -> NA
B37: Cayman Islands | C37: =VLOOKUP(B37,RegionLookup!$B$3:$C$184,2,FALSE) -> Caribbean | D37: =VLOOKUP(B37,'Ratings&PRS'!$B$4:$C$160,2,FALSE) -> Aa3 | E37: =VLOOKUP(D37,$N$8:$O$30,2,FALSE)/10000 -> 0.0059366167 | F37: =$E$3+E37 -> 0.035949743 | G37: =E37*$E$4 -> 0.017966133 | H37: =$E$3+G37 -> 0.04797926 | I37: =IFERROR(VLOOKUP(B37,CDS!$B$8:$D$97,3,FALSE),"NA") -> NA | J37: =IF(I37="NA","NA",$E$4*I37) -> NA | K37: =IF(J37="NA","NA",$E$3+J37) -> NA
B38: Chile | C38: =VLOOKUP(B38,RegionLookup!$B$3:$C$184,2,FALSE) -> Central and South America | D38: =VLOOKUP(B38,'Ratings&PRS'!$B$4:$C$160,2,FALSE) -> A2 | E38: =VLOOKUP(D38,$N$8:$O$30,2,FALSE)/10000 -> 0.0083811059 | F38: =$E$3+E38 -> 0.038394232 | G38: =E38*$E$4 -> 0.025363953 | H38: =$E$3+G38 -> 0.055377079 | I38: =IFERROR(VLOOKUP(B38,CDS!$B$8:$D$97,3,FALSE),"NA") -> 0.0087 | J38: =IF(I38="NA","NA",$E$4*I38) -> 0.02632903 | K38: =IF(J38="NA","NA",$E$3+J38) -> 0.056342157
B39: China | C39: =VLOOKUP(B39,RegionLookup!$B$3:$C$184,2,FALSE) -> Asia | D39: =VLOOKUP(B39,'Ratings&PRS'!$B$4:$C$160,2,FALSE) -> A1 | E39: =VLOOKUP(D39,$N$8:$O$30,2,FALSE)/10000 -> 0.0069842549 | F39: =$E$3+E39 -> 0.036997381 | G39: =E39*$E$4 -> 0.021136627 | H39: =$E$3+G39 -> 0.051149754 | I39: =IFERROR(VLOOKUP(B39,CDS!$B$8:$D$97,3,FALSE),"NA") -> 0.0058 | J39: =IF(I39="NA","NA",$E$4*I39) -> 0.017552687 | K39: =IF(J39="NA","NA",$E$3+J39) -> 0.047565813
B40: Colombia | C40: =VLOOKUP(B40,RegionLookup!$B$3:$C$184,2,FALSE) -> Central and South America | D40: =VLOOKUP(B40,'Ratings&PRS'!$B$4:$C$160,2,FALSE) -> Baa2 | E40: =VLOOKUP(D40,$N$8:$O$30,2,FALSE)/10000 -> 0.018857488 | F40: =$E$3+E40 -> 0.048870615 | G40: =E40*$E$4 -> 0.057068894 | H40: =$E$3+G40 -> 0.08708202 | I40: =IFERROR(VLOOKUP(B40,CDS!$B$8:$D$97,3,FALSE),"NA") -> 0.0331 | J40: =IF(I40="NA","NA",$E$4*I40) -> 0.10017137 | K40: =IF(J40="NA","NA",$E$3+J40) -> 0.13018449
B41: Congo (Democratic Republic of) | C41: =VLOOKUP(B41,RegionLookup!$B$3:$C$184,2,FALSE) -> Africa | D41: =VLOOKUP(B41,'Ratings&PRS'!$B$4:$C$160,2,FALSE) -> B3 | E41: =VLOOKUP(D41,$N$8:$O$30,2,FALSE)/10000 -> 0.064371549 | F41: =$E$3+E41 -> 0.094384676 | G41: =E41*$E$4 -> 0.19480925 | H41: =$E$3+G41 -> 0.22482237 | I41: =IFERROR(VLOOKUP(B41,CDS!$B$8:$D$97,3,FALSE),"NA") -> NA | J41: =IF(I41="NA","NA",$E$4*I41) -> NA | K41: =IF(J41="NA","NA",$E$3+J41) -> NA
B42: Congo (Republic of) | C42: =VLOOKUP(B42,RegionLookup!$B$3:$C$184,2,FALSE) -> Africa | D42: =VLOOKUP(B42,'Ratings&PRS'!$B$4:$C$160,2,FALSE) -> Caa2 | E42: =VLOOKUP(D42,$N$8:$O$30,2,FALSE)/10000 -> 0.089165654 | F42: =$E$3+E42 -> 0.11917878 | G42: =E42*$E$4 -> 0.26984428 | H42: =$E$3+G42 -> 0.2998574 | I42: =IFERROR(VLOOKUP(B42,CDS!$B$8:$D$97,3,FALSE),"NA") -> NA | J42: =IF(I42="NA","NA",$E$4*I42) -> NA | K42: =IF(J42="NA","NA",$E$3+J42) -> NA
... B164: Zambia | C164: =VLOOKUP(B164,RegionLookup!$B$3:$C$184,2,FALSE) -> Africa | D164: =VLOOKUP(B164,'Ratings&PRS'!$B$4:$C$160,2,FALSE) -> Caa2 | E164: =VLOOKUP(D164,$N$8:$O$30,2,FALSE)/10000 -> 0.089165654 | F164: =$E$3+E164 -> 0.11917878 | G164: =E164*$E$4 -> 0.26984428 | H164: =$E$3+G164 -> 0.2998574 | I164: =IFERROR(VLOOKUP(B164,CDS!$B$8:$D$97,3,FALSE),"NA") -> NA | J164: =IF(I164="NA","NA",$E$4*I164) -> NA | K164: =IF(J164="NA","NA",$E$3+J164) -> NA
A166: # | B166: ERP estimation for Frontier Markets with no sovereign Ratings | K166: PRS Score Lookup Table
B168: Country | C168: Region | D168: PRS Score | E168: Synthetic Rating | F168: Default Spread on PRS Score | G168: Total Equity Risk Premium1 | H168: Country Risk Premium | I168: Total Equity Risk Premium2 | K168: More than | L168: Less than | M168: Synthetic Rating | N168: Default Spread | O168: ERP
B169: Algeria | C169: =VLOOKUP(B169,RegionLookup!$B$3:$C$184,2,FALSE) -> Africa | D169: =VLOOKUP(B169,'Ratings&PRS'!$G$4:$H$144,2,FALSE) -> 69.25 | E169: =VLOOKUP(D169,$K$169:$O$184,5) -> 0.11333128 | F169: =VLOOKUP(D169,$K$169:$O$184,4) -> 0.029799488 | G169: =$E$3+F169 -> 0.059812614 | H169: =F169*$E$4 -> 0.090182943 | I169: =$E$3+H169 -> 0.12019607 | K169: 0 | L169: 50 | M169: Below Ca | N169: 0.175 | O169: 0.46187346
B170: Brunei | C170: =VLOOKUP(B170,RegionLookup!$B$3:$C$184,2,FALSE) -> Asia | D170: =VLOOKUP(B170,'Ratings&PRS'!$G$4:$H$144,2,FALSE) -> 81.75 | E170: =VLOOKUP(D170,$K$169:$O$184,5) -> 0.056050372 | F170: =VLOOKUP(D170,$K$169:$O$184,4) -> 0.0059366167 | G170: =$E$3+F170 -> 0.035949743 | H170: =F170*$E$4 -> 0.017966133 | I170: =$E$3+H170 -> 0.04797926 | K170: 50.001 | L170: 55 | M170: Ca | N170: 0.11884874 | O170: 0.32708686
B171: Gambia | C171: =VLOOKUP(B171,RegionLookup!$B$3:$C$184,2,FALSE) -> Africa | D171: =VLOOKUP(B171,'Ratings&PRS'!$G$4:$H$144,2,FALSE) -> 67.5 | E171: =VLOOKUP(D171,$K$169:$O$184,5) -> 0.1488175 | F171: =VLOOKUP(D171,$K$169:$O$184,4) -> 0.044582827 | G171: =$E$3+F171 -> 0.074595954 | H171: =F171*$E$4 -> 0.13492214 | I171: =$E$3+H171 -> 0.16493526 | K171: 55.001 | L171: 57 | M171: Caa3 | N171: 0.099060015 | O171: 0.27958562
B172: Guinea | C172: =VLOOKUP(B172,RegionLookup!$B$3:$C$184,2,FALSE) -> Africa | D172: =VLOOKUP(B172,'Ratings&PRS'!$G$4:$H$144,2,FALSE) -> 57.75 | E172: =VLOOKUP(D172,$K$169:$O$184,5) -> 0.255835 | F172: =VLOOKUP(D172,$K$169:$O$184,4) -> 0.089165654 | G172: =$E$3+F172 -> 0.11917878 | H172: =F172*$E$4 -> 0.26984428 | I172: =$E$3+H172 -> 0.2998574 | K172: 57.001 | L172: 60 | M172: Caa2 | N172: 0.089165654 | O172: 0.255835
B173: Guinea-Bissau | C173: =VLOOKUP(B173,RegionLookup!$B$3:$C$184,2,FALSE) -> Africa | D173: =VLOOKUP(B173,'Ratings&PRS'!$G$4:$H$144,2,FALSE) -> 63.25 | E173: =VLOOKUP(D173,$K$169:$O$184,5) -> 0.19631874 | F173: =VLOOKUP(D173,$K$169:$O$184,4) -> 0.064371549 | G173: =$E$3+F173 -> 0.094384676 | H173: =F173*$E$4 -> 0.19480925 | I173: =$E$3+H173 -> 0.22482237 | K173: 60.001 | L173: 62 | M173: Caa1 | N173: 0.07426591 | O173: 0.22006936
B174: Guyana | C174: =VLOOKUP(B174,RegionLookup!$B$3:$C$184,2,FALSE) -> Central and South America | D174: =VLOOKUP(B174,'Ratings&PRS'!$G$4:$H$144,2,FALSE) -> 75.75 | E174: =VLOOKUP(D174,$K$169:$O$184,5) -> 0.094051365 | F174: =VLOOKUP(D174,$K$169:$O$184,4) -> 0.021767594 | G174: =$E$3+F174 -> 0.051780721 | H174: =F174*$E$4 -> 0.065875822 | I174: =$E$3+H174 -> 0.095888948 | K174: 62.001 | L174: 64 | M174: B3 | N174: 0.064371549 | O174: 0.19631874
B175: Haiti | C175: =VLOOKUP(B175,RegionLookup!$B$3:$C$184,2,FALSE) -> Caribbean | D175: =VLOOKUP(B175,'Ratings&PRS'!$G$4:$H$144,2,FALSE) -> 54.75 | E175: =VLOOKUP(D175,$K$169:$O$184,5) -> 0.32708686 | F175: =VLOOKUP(D175,$K$169:$O$184,4) -> 0.11884874 | G175: =$E$3+F175 -> 0.14886186 | H175: =F175*$E$4 -> 0.35967494 | I175: =$E$3+H175 -> 0.38968807 | K175: 64.001 | L175: 66 | M175: B2 | N175: 0.054477188 | O175: 0.17256812
B176: Iran | C176: =VLOOKUP(B176,RegionLookup!$B$3:$C$184,2,FALSE) -> Middle East | D176: =VLOOKUP(B176,'Ratings&PRS'!$G$4:$H$144,2,FALSE) -> 63.75 | E176: =VLOOKUP(D176,$K$169:$O$184,5) -> 0.19631874 | F176: =VLOOKUP(D176,$K$169:$O$184,4) -> 0.064371549 | G176: =$E$3+F176 -> 0.094384676 | H176: =F176*$E$4 -> 0.19480925 | I176: =$E$3+H176 -> 0.22482237 | K176: 66.001 | L176: 68 | M176: B1 | N176: 0.044582827 | O176: 0.1488175
B177: Korea, D.P.R. | C177: =VLOOKUP(B177,RegionLookup!$B$3:$C$184,2,FALSE) -> Asia | D177: =VLOOKUP(B177,'Ratings&PRS'!$G$4:$H$144,2,FALSE) -> 51 | E177: =VLOOKUP(D177,$K$169:$O$184,5) -> 0.32708686 | F177: =VLOOKUP(D177,$K$169:$O$184,4) -> 0.11884874 | G177: =$E$3+F177 -> 0.14886186 | H177: =F177*$E$4 -> 0.35967494 | I177: =$E$3+H177 -> 0.38968807 | K177: 68.001 | L177: 69 | M177: Ba3 | N177: 0.0356197 | O177: 0.12730223
B178: Liberia | C178: =VLOOKUP(B178,RegionLookup!$B$3:$C$184,2,FALSE) -> Africa | D178: =VLOOKUP(B178,'Ratings&PRS'!$G$4:$H$144,2,FALSE) -> 58.25 | E178: =VLOOKUP(D178,$K$169:$O$184,5) -> 0.255835 | F178: =VLOOKUP(D178,$K$169:$O$184,4) -> 0.089165654 | G178: =$E$3+F178 -> 0.11917878 | H178: =F178*$E$4 -> 0.26984428 | I178: =$E$3+H178 -> 0.2998574 | K178: 69.001 | L178: 72 | M178: Ba2 | N178: 0.029799488 | O178: 0.11333128
B179: Libya | C179: =VLOOKUP(B179,RegionLookup!$B$3:$C$184,2,FALSE) -> Africa | D179: =VLOOKUP(B179,'Ratings&PRS'!$G$4:$H$144,2,FALSE) -> 74.5 | E179: =VLOOKUP(D179,$K$169:$O$184,5) -> 0.094051365 | F179: =VLOOKUP(D179,$K$169:$O$184,4) -> 0.021767594 | G179: =$E$3+F179 -> 0.051780721 | H179: =F179*$E$4 -> 0.065875822 | I179: =$E$3+H179 -> 0.095888948 | K179: 72.001 | L179: 74 | M179: Baa2 | N179: 0.024794105 | O179: 0.10131626
B180: Madagascar | C180: =VLOOKUP(B180,RegionLookup!$B$3:$C$184,2,FALSE) -> Africa | D180: =VLOOKUP(B180,'Ratings&PRS'!$G$4:$H$144,2,FALSE) -> 64.5 | E180: =VLOOKUP(D180,$K$169:$O$184,5) -> 0.17256812 | F180: =VLOOKUP(D180,$K$169:$O$184,4) -> 0.054477188 | G180: =$E$3+F180 -> 0.084490315 | H180: =F180*$E$4 -> 0.16486569 | I180: =$E$3+H180 -> 0.19487882 | K180: 74.001 | L180: 76 | M180: Baa1 | N180: 0.021767594 | O180: 0.094051365
... B184: Sierra Leone | C184: =VLOOKUP(B184,RegionLookup!$B$3:$C$184,2,FALSE) -> Africa | D184: =VLOOKUP(B184,'Ratings&PRS'!$G$4:$H$144,2,FALSE) -> 59.5 | E184: =VLOOKUP(D184,$K$169:$O$184,5) -> 0.255835 | F184: =VLOOKUP(D184,$K$169:$O$184,4) -> 0.089165654 | G184: =$E$3+F184 -> 0.11917878 | H184: =F184*$E$4 -> 0.26984428 | I184: =$E$3+H184 -> 0.2998574 | K184: 85.001 | L184: 90.0001 | M184: Aaa | N184: 0 | O184: 0.0418
B185: Somalia | C185: =VLOOKUP(B185,RegionLookup!$B$3:$C$184,2,FALSE) -> Africa | D185: =VLOOKUP(B185,'Ratings&PRS'!$G$4:$H$144,2,FALSE) -> 55.5 | E185: =VLOOKUP(D185,$K$169:$O$184,5) -> 0.27958562 | F185: =VLOOKUP(D185,$K$169:$O$184,4) -> 0.099060015 | G185: =$E$3+F185 -> 0.12907314 | H185: =F185*$E$4 -> 0.29978783 | I185: =$E$3+H185 -> 0.32980096
B186: Sudan | C186: =VLOOKUP(B186,RegionLookup!$B$3:$C$184,2,FALSE) -> Africa | D186: =VLOOKUP(B186,'Ratings&PRS'!$G$4:$H$144,2,FALSE) -> 43.5 | E186: =VLOOKUP(D186,$K$169:$O$184,5) -> 0.46187346 | F186: =VLOOKUP(D186,$K$169:$O$184,4) -> 0.175 | G186: =$E$3+F186 -> 0.20501313 | H186: =F186*$E$4 -> 0.52960693 | I186: =$E$3+H186 -> 0.55962005
B187: Syria | C187: =VLOOKUP(B187,RegionLookup!$B$3:$C$184,2,FALSE) -> Middle East | D187: =VLOOKUP(B187,'Ratings&PRS'!$G$4:$H$144,2,FALSE) -> 46.5 | E187: =VLOOKUP(D187,$K$169:$O$184,5) -> 0.46187346 | F187: =VLOOKUP(D187,$K$169:$O$184,4) -> 0.175 | G187: =$E$3+F187 -> 0.20501313 | H187: =F187*$E$4 -> 0.52960693 | I187: =$E$3+H187 -> 0.55962005
B188: Yemen, Republic | C188: =VLOOKUP(B188,RegionLookup!$B$3:$C$184,2,FALSE) -> Middle East | D188: =VLOOKUP(B188,'Ratings&PRS'!$G$4:$H$144,2,FALSE) -> 51.5 | E188: =VLOOKUP(D188,$K$169:$O$184,5) -> 0.32708686 | F188: =VLOOKUP(D188,$K$169:$O$184,4) -> 0.11884874 | G188: =$E$3+F188 -> 0.14886186 | H188: =F188*$E$4 -> 0.35967494 | I188: =$E$3+H188 -> 0.38968807
B189: Zimbabwe | C189: =VLOOKUP(B189,RegionLookup!$B$3:$C$184,2,FALSE) -> Africa | D189: =VLOOKUP(B189,'Ratings&PRS'!$G$4:$H$144,2,FALSE) -> 57.75 | E189: =VLOOKUP(D189,$K$169:$O$184,5) -> 0.255835 | F189: =VLOOKUP(D189,$K$169:$O$184,4) -> 0.089165654 | G189: =$E$3+F189 -> 0.11917878 | H189: =F189*$E$4 -> 0.26984428 | I189: =$E$3+H189 -> 0.2998574

Sheet CtryERP&CRP
B3: Asia | D3: ERP (CDS CRP) | E3: ERP (Ratings CRP) | F3: ERP (PRS Score) | G3: ERP (Final) | I3: CRP (CDS) | J3: CRP (Ratings) | K3: CRP (PRS) | L3: CRP (Final)
B4: Bangladesh | D4: =IFERROR(VLOOKUP(B4,'ERPsCRPs&Spreads'!$B$8:$K$164,10,FALSE),"NA") -> NA | E4: =IFERROR(VLOOKUP(B4,'ERPsCRPs&Spreads'!$B$8:$H$164,7,FALSE),"NA") -> 0.19487882 | F4: =IFERROR(VLOOKUP(B4,'ERPsCRPs&Spreads'!$B$169:$I$189,8,FALSE),"NA") -> NA | G4: =IF(D4<>"NA",D4,IF(E4<>"NA",E4,F4)) -> 0.19487882 | I4: =IFERROR(VLOOKUP(B4,'ERPsCRPs&Spreads'!$B$8:$K$164,9,FALSE),"NA") -> NA | J4: =IFERROR(VLOOKUP(B4,'ERPsCRPs&Spreads'!$B$8:$K$164,6,FALSE),"NA") -> 0.16486569 | K4: =IFERROR(VLOOKUP('CtryERP&CRP'!B4,'ERPsCRPs&Spreads'!$B$169:$I$189,7,FALSE),"NA") -> NA | L4: =IF(I4<>"NA",I4,IF(J4<>"NA",J4,K4)) -> 0.16486569
B5: Brunei | D5: =IFERROR(VLOOKUP(B5,'ERPsCRPs&Spreads'!$B$8:$K$164,10,FALSE),"NA") -> NA | E5: =IFERROR(VLOOKUP(B5,'ERPsCRPs&Spreads'!$B$8:$H$164,7,FALSE),"NA") -> NA | F5: =IFERROR(VLOOKUP(B5,'ERPsCRPs&Spreads'!$B$169:$I$189,8,FALSE),"NA") -> 0.04797926 | G5: =IF(D5<>"NA",D5,IF(E5<>"NA",E5,F5)) -> 0.04797926 | I5: =IFERROR(VLOOKUP(B5,'ERPsCRPs&Spreads'!$B$8:$K$164,9,FALSE),"NA") -> NA | J5: =IFERROR(VLOOKUP(B5,'ERPsCRPs&Spreads'!$B$8:$K$164,6,FALSE),"NA") -> NA | K5: =IFERROR(VLOOKUP('CtryERP&CRP'!B5,'ERPsCRPs&Spreads'!$B$169:$I$189,7,FALSE),"NA") -> 0.017966133 | L5: =IF(I5<>"NA",I5,IF(J5<>"NA",J5,K5)) -> 0.017966133
B6: Cambodia | D6: =IFERROR(VLOOKUP(B6,'ERPsCRPs&Spreads'!$B$8:$K$164,10,FALSE),"NA") -> NA | E6: =IFERROR(VLOOKUP(B6,'ERPsCRPs&Spreads'!$B$8:$H$164,7,FALSE),"NA") -> 0.19487882 | F6: =IFERROR(VLOOKUP(B6,'ERPsCRPs&Spreads'!$B$169:$I$189,8,FALSE),"NA") -> NA | G6: =IF(D6<>"NA",D6,IF(E6<>"NA",E6,F6)) -> 0.19487882 | I6: =IFERROR(VLOOKUP(B6,'ERPsCRPs&Spreads'!$B$8:$K$164,9,FALSE),"NA") -> NA | J6: =IFERROR(VLOOKUP(B6,'ERPsCRPs&Spreads'!$B$8:$K$164,6,FALSE),"NA") -> 0.16486569 | K6: =IFERROR(VLOOKUP('CtryERP&CRP'!B6,'ERPsCRPs&Spreads'!$B$169:$I$189,7,FALSE),"NA") -> NA | L6: =IF(I6<>"NA",I6,IF(J6<>"NA",J6,K6)) -> 0.16486569
B7: China | D7: =IFERROR(VLOOKUP(B7,'ERPsCRPs&Spreads'!$B$8:$K$164,10,FALSE),"NA") -> 0.047565813 | E7: =IFERROR(VLOOKUP(B7,'ERPsCRPs&Spreads'!$B$8:$H$164,7,FALSE),"NA") -> 0.051149754 | F7: =IFERROR(VLOOKUP(B7,'ERPsCRPs&Spreads'!$B$169:$I$189,8,FALSE),"NA") -> NA | G7: =IF(D7<>"NA",D7,IF(E7<>"NA",E7,F7)) -> 0.047565813 | I7: =IFERROR(VLOOKUP(B7,'ERPsCRPs&Spreads'!$B$8:$K$164,9,FALSE),"NA") -> 0.017552687 | J7: =IFERROR(VLOOKUP(B7,'ERPsCRPs&Spreads'!$B$8:$K$164,6,FALSE),"NA") -> 0.021136627 | K7: =IFERROR(VLOOKUP('CtryERP&CRP'!B7,'ERPsCRPs&Spreads'!$B$169:$I$189,7,FALSE),"NA") -> NA | L7: =IF(I7<>"NA",I7,IF(J7<>"NA",J7,K7)) -> 0.017552687
B8: Fiji | D8: =IFERROR(VLOOKUP(B8,'ERPsCRPs&Spreads'!$B$8:$K$164,10,FALSE),"NA") -> NA | E8: =IFERROR(VLOOKUP(B8,'ERPsCRPs&Spreads'!$B$8:$H$164,7,FALSE),"NA") -> 0.16493526 | F8: =IFERROR(VLOOKUP(B8,'ERPsCRPs&Spreads'!$B$169:$I$189,8,FALSE),"NA") -> NA | G8: =IF(D8<>"NA",D8,IF(E8<>"NA",E8,F8)) -> 0.16493526 | I8: =IFERROR(VLOOKUP(B8,'ERPsCRPs&Spreads'!$B$8:$K$164,9,FALSE),"NA") -> NA | J8: =IFERROR(VLOOKUP(B8,'ERPsCRPs&Spreads'!$B$8:$K$164,6,FALSE),"NA") -> 0.13492214 | K8: =IFERROR(VLOOKUP('CtryERP&CRP'!B8,'ERPsCRPs&Spreads'!$B$169:$I$189,7,FALSE),"NA") -> NA | L8: =IF(I8<>"NA",I8,IF(J8<>"NA",J8,K8)) -> 0.13492214
B9: Hong Kong | D9: =IFERROR(VLOOKUP(B9,'ERPsCRPs&Spreads'!$B$8:$K$164,10,FALSE),"NA") -> 0.042723693 | E9: =IFERROR(VLOOKUP(B9,'ERPsCRPs&Spreads'!$B$8:$H$164,7,FALSE),"NA") -> 0.04797926 | F9: =IFERROR(VLOOKUP(B9,'ERPsCRPs&Spreads'!$B$169:$I$189,8,FALSE),"NA") -> NA | G9: =IF(D9<>"NA",D9,IF(E9<>"NA",E9,F9)) -> 0.042723693 | I9: =IFERROR(VLOOKUP(B9,'ERPsCRPs&Spreads'!$B$8:$K$164,9,FALSE),"NA") -> 0.012710566 | J9: =IFERROR(VLOOKUP(B9,'ERPsCRPs&Spreads'!$B$8:$K$164,6,FALSE),"NA") -> 0.017966133 | K9: =IFERROR(VLOOKUP('CtryERP&CRP'!B9,'ERPsCRPs&Spreads'!$B$169:$I$189,7,FALSE),"NA") -> NA | L9: =IF(I9<>"NA",I9,IF(J9<>"NA",J9,K9)) -> 0.012710566
B10: India | D10: =IFERROR(VLOOKUP(B10,'ERPsCRPs&Spreads'!$B$8:$K$164,10,FALSE),"NA") -> 0.050289506 | E10: =IFERROR(VLOOKUP(B10,'ERPsCRPs&Spreads'!$B$8:$H$164,7,FALSE),"NA") -> 0.095888948 | F10: =IFERROR(VLOOKUP(B10,'ERPsCRPs&Spreads'!$B$169:$I$189,8,FALSE),"NA") -> NA | G10: =IF(D10<>"NA",D10,IF(E10<>"NA",E10,F10)) -> 0.050289506 | I10: =IFERROR(VLOOKUP(B10,'ERPsCRPs&Spreads'!$B$8:$K$164,9,FALSE),"NA") -> 0.02027638 | J10: =IFERROR(VLOOKUP(B10,'ERPsCRPs&Spreads'!$B$8:$K$164,6,FALSE),"NA") -> 0.065875822 | K10: =IFERROR(VLOOKUP('CtryERP&CRP'!B10,'ERPsCRPs&Spreads'!$B$169:$I$189,7,FALSE),"NA") -> NA | L10: =IF(I10<>"NA",I10,IF(J10<>"NA",J10,K10)) -> 0.02027638
B11: Indonesia | D11: =IFERROR(VLOOKUP(B11,'ERPsCRPs&Spreads'!$B$8:$K$164,10,FALSE),"NA") -> 0.065421133 | E11: =IFERROR(VLOOKUP(B11,'ERPsCRPs&Spreads'!$B$8:$H$164,7,FALSE),"NA") -> 0.08708202 | F11: =IFERROR(VLOOKUP(B11,'ERPsCRPs&Spreads'!$B$169:$I$189,8,FALSE),"NA") -> NA | G11: =IF(D11<>"NA",D11,IF(E11<>"NA",E11,F11)) -> 0.065421133 | I11: =IFERROR(VLOOKUP(B11,'ERPsCRPs&Spreads'!$B$8:$K$164,9,FALSE),"NA") -> 0.035408006 | J11: =IFERROR(VLOOKUP(B11,'ERPsCRPs&Spreads'!$B$8:$K$164,6,FALSE),"NA") -> 0.057068894 | K11: =IFERROR(VLOOKUP('CtryERP&CRP'!B11,'ERPsCRPs&Spreads'!$B$169:$I$189,7,FALSE),"NA") -> NA | L11: =IF(I11<>"NA",I11,IF(J11<>"NA",J11,K11)) -> 0.035408006
B12: Japan | D12: =IFERROR(VLOOKUP(B12,'ERPsCRPs&Spreads'!$B$8:$K$164,10,FALSE),"NA") -> 0.035763145 | E12: =IFERROR(VLOOKUP(B12,'ERPsCRPs&Spreads'!$B$8:$H$164,7,FALSE),"NA") -> 0.051149754 | F12: =IFERROR(VLOOKUP(B12,'ERPsCRPs&Spreads'!$B$169:$I$189,8,FALSE),"NA") -> NA | G12: =IF(D12<>"NA",D12,IF(E12<>"NA",E12,F12)) -> 0.035763145 | I12: =IFERROR(VLOOKUP(B12,'ERPsCRPs&Spreads'!$B$8:$K$164,9,FALSE),"NA") -> 0.0057500181 | J12: =IFERROR(VLOOKUP(B12,'ERPsCRPs&Spreads'!$B$8:$K$164,6,FALSE),"NA") -> 0.021136627 | K12: =IFERROR(VLOOKUP('CtryERP&CRP'!B12,'ERPsCRPs&Spreads'!$B$169:$I$189,7,FALSE),"NA") -> NA | L12: =IF(I12<>"NA",I12,IF(J12<>"NA",J12,K12)) -> 0.0057500181
B13: Korea | D13: =IFERROR(VLOOKUP(B13,'ERPsCRPs&Spreads'!$B$8:$K$164,10,FALSE),"NA") -> 0.036065777 | E13: =IFERROR(VLOOKUP(B13,'ERPsCRPs&Spreads'!$B$8:$H$164,7,FALSE),"NA") -> 0.044808766 | F13: =IFERROR(VLOOKUP(B13,'ERPsCRPs&Spreads'!$B$169:$I$189,8,FALSE),"NA") -> NA | G13: =IF(D13<>"NA",D13,IF(E13<>"NA",E13,F13)) -> 0.036065777 | I13: =IFERROR(VLOOKUP(B13,'ERPsCRPs&Spreads'!$B$8:$K$164,9,FALSE),"NA") -> 0.0060526506 | J13: =IFERROR(VLOOKUP(B13,'ERPsCRPs&Spreads'!$B$8:$K$164,6,FALSE),"NA") -> 0.014795639 | K13: =IFERROR(VLOOKUP('CtryERP&CRP'!B13,'ERPsCRPs&Spreads'!$B$169:$I$189,7,FALSE),"NA") -> NA | L13: =IF(I13<>"NA",I13,IF(J13<>"NA",J13,K13)) -> 0.0060526506
B14: Korea, D.P.R. | D14: =IFERROR(VLOOKUP(B14,'ERPsCRPs&Spreads'!$B$8:$K$164,10,FALSE),"NA") -> NA | E14: =IFERROR(VLOOKUP(B14,'ERPsCRPs&Spreads'!$B$8:$H$164,7,FALSE),"NA") -> NA | F14: =IFERROR(VLOOKUP(B14,'ERPsCRPs&Spreads'!$B$169:$I$189,8,FALSE),"NA") -> 0.38968807 | G14: =IF(D14<>"NA",D14,IF(E14<>"NA",E14,F14)) -> 0.38968807 | I14: =IFERROR(VLOOKUP(B14,'ERPsCRPs&Spreads'!$B$8:$K$164,9,FALSE),"NA") -> NA | J14: =IFERROR(VLOOKUP(B14,'ERPsCRPs&Spreads'!$B$8:$K$164,6,FALSE),"NA") -> NA | K14: =IFERROR(VLOOKUP('CtryERP&CRP'!B14,'ERPsCRPs&Spreads'!$B$169:$I$189,7,FALSE),"NA") -> 0.35967494 | L14: =IF(I14<>"NA",I14,IF(J14<>"NA",J14,K14)) -> 0.35967494
B15: Laos | D15: =IFERROR(VLOOKUP(B15,'ERPsCRPs&Spreads'!$B$8:$K$164,10,FALSE),"NA") -> NA | E15: =IFERROR(VLOOKUP(B15,'ERPsCRPs&Spreads'!$B$8:$H$164,7,FALSE),"NA") -> 0.32980096 | F15: =IFERROR(VLOOKUP(B15,'ERPsCRPs&Spreads'!$B$169:$I$189,8,FALSE),"NA") -> NA | G15: =IF(D15<>"NA",D15,IF(E15<>"NA",E15,F15)) -> 0.32980096 | I15: =IFERROR(VLOOKUP(B15,'ERPsCRPs&Spreads'!$B$8:$K$164,9,FALSE),"NA") -> NA | J15: =IFERROR(VLOOKUP(B15,'ERPsCRPs&Spreads'!$B$8:$K$164,6,FALSE),"NA") -> 0.29978783 | K15: =IFERROR(VLOOKUP('CtryERP&CRP'!B15,'ERPsCRPs&Spreads'!$B$169:$I$189,7,FALSE),"NA") -> NA | L15: =IF(I15<>"NA",I15,IF(J15<>"NA",J15,K15)) -> 0.29978783
... B30: Vietnam | D30: =IFERROR(VLOOKUP(B30,'ERPsCRPs&Spreads'!$B$8:$K$164,10,FALSE),"NA") -> 0.072381681 | E30: =IFERROR(VLOOKUP(B30,'ERPsCRPs&Spreads'!$B$8:$H$164,7,FALSE),"NA") -> 0.12019607 | F30: =IFERROR(VLOOKUP(B30,'ERPsCRPs&Spreads'!$B$169:$I$189,8,FALSE),"NA") -> NA | G30: =IF(D30<>"NA",D30,IF(E30<>"NA",E30,F30)) -> 0.072381681 | I30: =IFERROR(VLOOKUP(B30,'ERPsCRPs&Spreads'!$B$8:$K$164,9,FALSE),"NA") -> 0.042368554 | J30: =IFERROR(VLOOKUP(B30,'ERPsCRPs&Spreads'!$B$8:$K$164,6,FALSE),"NA") -> 0.090182943 | K30: =IFERROR(VLOOKUP('CtryERP&CRP'!B30,'ERPsCRPs&Spreads'!$B$169:$I$189,7,FALSE),"NA") -> NA | L30: =IF(I30<>"NA",I30,IF(J30<>"NA",J30,K30)) -> 0.042368554
B32: Middle East | D32: ERP (CDS CRP) | E32: ERP (Ratings CRP) | F32: ERP (PRS Score) | G32: ERP (Final) | I32: CRP (CDS) | J32: CRP (Ratings) | K32: CRP (PRS) | L32: CRP (Final)
B33: Abu Dhabi | D33: =IFERROR(VLOOKUP(B33,'ERPsCRPs&Spreads'!$B$8:$K$164,10,FALSE),"NA") -> 0.045447386 | E33: =IFERROR(VLOOKUP(B33,'ERPsCRPs&Spreads'!$B$8:$H$164,7,FALSE),"NA") -> 0.044808766 | F33: =IFERROR(VLOOKUP(B33,'ERPsCRPs&Spreads'!$B$169:$I$189,8,FALSE),"NA") -> NA | G33: =IF(D33<>"NA",D33,IF(E33<>"NA",E33,F33)) -> 0.045447386 | I33: =IFERROR(VLOOKUP(B33,'ERPsCRPs&Spreads'!$B$8:$K$164,9,FALSE),"NA") -> 0.015434259 | J33: =IFERROR(VLOOKUP(B33,'ERPsCRPs&Spreads'!$B$8:$K$164,6,FALSE),"NA") -> 0.014795639 | K33: =IFERROR(VLOOKUP('CtryERP&CRP'!B33,'ERPsCRPs&Spreads'!$B$169:$I$189,7,FALSE),"NA") -> NA | L33: =IF(I33<>"NA",I33,IF(J33<>"NA",J33,K33)) -> 0.015434259
B34: Bahrain | D34: =IFERROR(VLOOKUP(B34,'ERPsCRPs&Spreads'!$B$8:$K$164,10,FALSE),"NA") -> 0.10930285 | E34: =IFERROR(VLOOKUP(B34,'ERPsCRPs&Spreads'!$B$8:$H$164,7,FALSE),"NA") -> 0.19487882 | F34: =IFERROR(VLOOKUP(B34,'ERPsCRPs&Spreads'!$B$169:$I$189,8,FALSE),"NA") -> NA | G34: =IF(D34<>"NA",D34,IF(E34<>"NA",E34,F34)) -> 0.10930285 | I34: =IFERROR(VLOOKUP(B34,'ERPsCRPs&Spreads'!$B$8:$K$164,9,FALSE),"NA") -> 0.079289723 | J34: =IFERROR(VLOOKUP(B34,'ERPsCRPs&Spreads'!$B$8:$K$164,6,FALSE),"NA") -> 0.16486569 | K34: =IFERROR(VLOOKUP('CtryERP&CRP'!B34,'ERPsCRPs&Spreads'!$B$169:$I$189,7,FALSE),"NA") -> NA | L34: =IF(I34<>"NA",I34,IF(J34<>"NA",J34,K34)) -> 0.079289723
B35: Iran | D35: =IFERROR(VLOOKUP(B35,'ERPsCRPs&Spreads'!$B$8:$K$164,10,FALSE),"NA") -> NA | E35: =IFERROR(VLOOKUP(B35,'ERPsCRPs&Spreads'!$B$8:$H$164,7,FALSE),"NA") -> NA | F35: =IFERROR(VLOOKUP(B35,'ERPsCRPs&Spreads'!$B$169:$I$189,8,FALSE),"NA") -> 0.22482237 | G35: =IF(D35<>"NA",D35,IF(E35<>"NA",E35,F35)) -> 0.22482237 | I35: =IFERROR(VLOOKUP(B35,'ERPsCRPs&Spreads'!$B$8:$K$164,9,FALSE),"NA") -> NA | J35: =IFERROR(VLOOKUP(B35,'ERPsCRPs&Spreads'!$B$8:$K$164,6,FALSE),"NA") -> NA | K35: =IFERROR(VLOOKUP('CtryERP&CRP'!B35,'ERPsCRPs&Spreads'!$B$169:$I$189,7,FALSE),"NA") -> 0.19480925 | L35: =IF(I35<>"NA",I35,IF(J35<>"NA",J35,K35)) -> 0.19480925
B36: Iraq | D36: =IFERROR(VLOOKUP(B36,'ERPsCRPs&Spreads'!$B$8:$K$164,10,FALSE),"NA") -> 0.14743455 | E36: =IFERROR(VLOOKUP(B36,'ERPsCRPs&Spreads'!$B$8:$H$164,7,FALSE),"NA") -> 0.25476593 | F36: =IFERROR(VLOOKUP(B36,'ERPsCRPs&Spreads'!$B$169:$I$189,8,FALSE),"NA") -> NA | G36: =IF(D36<>"NA",D36,IF(E36<>"NA",E36,F36)) -> 0.14743455 | I36: =IFERROR(VLOOKUP(B36,'ERPsCRPs&Spreads'!$B$8:$K$164,9,FALSE),"NA") -> 0.11742142 | J36: =IFERROR(VLOOKUP(B36,'ERPsCRPs&Spreads'!$B$8:$K$164,6,FALSE),"NA") -> 0.2247528 | K36: =IFERROR(VLOOKUP('CtryERP&CRP'!B36,'ERPsCRPs&Spreads'!$B$169:$I$189,7,FALSE),"NA") -> NA | L36: =IF(I36<>"NA",I36,IF(J36<>"NA",J36,K36)) -> 0.11742142
B37: Israel | D37: =IFERROR(VLOOKUP(B37,'ERPsCRPs&Spreads'!$B$8:$K$164,10,FALSE),"NA") -> 0.066934295 | E37: =IFERROR(VLOOKUP(B37,'ERPsCRPs&Spreads'!$B$8:$H$164,7,FALSE),"NA") -> 0.077922815 | F37: =IFERROR(VLOOKUP(B37,'ERPsCRPs&Spreads'!$B$169:$I$189,8,FALSE),"NA") -> NA | G37: =IF(D37<>"NA",D37,IF(E37<>"NA",E37,F37)) -> 0.066934295 | I37: =IFERROR(VLOOKUP(B37,'ERPsCRPs&Spreads'!$B$8:$K$164,9,FALSE),"NA") -> 0.036921169 | J37: =IFERROR(VLOOKUP(B37,'ERPsCRPs&Spreads'!$B$8:$K$164,6,FALSE),"NA") -> 0.047909689 | K37: =IFERROR(VLOOKUP('CtryERP&CRP'!B37,'ERPsCRPs&Spreads'!$B$169:$I$189,7,FALSE),"NA") -> NA | L37: =IF(I37<>"NA",I37,IF(J37<>"NA",J37,K37)) -> 0.036921169
B38: Jordan | D38: =IFERROR(VLOOKUP(B38,'ERPsCRPs&Spreads'!$B$8:$K$164,10,FALSE),"NA") -> NA | E38: =IFERROR(VLOOKUP(B38,'ERPsCRPs&Spreads'!$B$8:$H$164,7,FALSE),"NA") -> 0.13780993 | F38: =IFERROR(VLOOKUP(B38,'ERPsCRPs&Spreads'!$B$169:$I$189,8,FALSE),"NA") -> NA | G38: =IF(D38<>"NA",D38,IF(E38<>"NA",E38,F38)) -> 0.13780993 | I38: =IFERROR(VLOOKUP(B38,'ERPsCRPs&Spreads'!$B$8:$K$164,9,FALSE),"NA") -> NA | J38: =IFERROR(VLOOKUP(B38,'ERPsCRPs&Spreads'!$B$8:$K$164,6,FALSE),"NA") -> 0.1077968 | K38: =IFERROR(VLOOKUP('CtryERP&CRP'!B38,'ERPsCRPs&Spreads'!$B$169:$I$189,7,FALSE),"NA") -> NA | L38: =IF(I38<>"NA",I38,IF(J38<>"NA",J38,K38)) -> 0.1077968
B39: Kuwait | D39: =IFERROR(VLOOKUP(B39,'ERPsCRPs&Spreads'!$B$8:$K$164,10,FALSE),"NA") -> 0.051197404 | E39: =IFERROR(VLOOKUP(B39,'ERPsCRPs&Spreads'!$B$8:$H$164,7,FALSE),"NA") -> 0.051149754 | F39: =IFERROR(VLOOKUP(B39,'ERPsCRPs&Spreads'!$B$169:$I$189,8,FALSE),"NA") -> NA | G39: =IF(D39<>"NA",D39,IF(E39<>"NA",E39,F39)) -> 0.051197404 | I39: =IFERROR(VLOOKUP(B39,'ERPsCRPs&Spreads'!$B$8:$K$164,9,FALSE),"NA") -> 0.021184277 | J39: =IFERROR(VLOOKUP(B39,'ERPsCRPs&Spreads'!$B$8:$K$164,6,FALSE),"NA") -> 0.021136627 | K39: =IFERROR(VLOOKUP('CtryERP&CRP'!B39,'ERPsCRPs&Spreads'!$B$169:$I$189,7,FALSE),"NA") -> NA | L39: =IF(I39<>"NA",I39,IF(J39<>"NA",J39,K39)) -> 0.021184277
B40: Lebanon | D40: =IFERROR(VLOOKUP(B40,'ERPsCRPs&Spreads'!$B$8:$K$164,10,FALSE),"NA") -> NA | E40: =IFERROR(VLOOKUP(B40,'ERPsCRPs&Spreads'!$B$8:$H$164,7,FALSE),"NA") -> 0.55962005 | F40: =IFERROR(VLOOKUP(B40,'ERPsCRPs&Spreads'!$B$169:$I$189,8,FALSE),"NA") -> NA | G40: =IF(D40<>"NA",D40,IF(E40<>"NA",E40,F40)) -> 0.55962005 | I40: =IFERROR(VLOOKUP(B40,'ERPsCRPs&Spreads'!$B$8:$K$164,9,FALSE),"NA") -> NA | J40: =IFERROR(VLOOKUP(B40,'ERPsCRPs&Spreads'!$B$8:$K$164,6,FALSE),"NA") -> 0.52960693 | K40: =IFERROR(VLOOKUP('CtryERP&CRP'!B40,'ERPsCRPs&Spreads'!$B$169:$I$189,7,FALSE),"NA") -> NA | L40: =IF(I40<>"NA",I40,IF(J40<>"NA",J40,K40)) -> 0.52960693
B41: Oman | D41: =IFERROR(VLOOKUP(B41,'ERPsCRPs&Spreads'!$B$8:$K$164,10,FALSE),"NA") -> 0.075105373 | E41: =IFERROR(VLOOKUP(B41,'ERPsCRPs&Spreads'!$B$8:$H$164,7,FALSE),"NA") -> 0.10504815 | F41: =IFERROR(VLOOKUP(B41,'ERPsCRPs&Spreads'!$B$169:$I$189,8,FALSE),"NA") -> NA | G41: =IF(D41<>"NA",D41,IF(E41<>"NA",E41,F41)) -> 0.075105373 | I41: =IFERROR(VLOOKUP(B41,'ERPsCRPs&Spreads'!$B$8:$K$164,9,FALSE),"NA") -> 0.045092247 | J41: =IFERROR(VLOOKUP(B41,'ERPsCRPs&Spreads'!$B$8:$K$164,6,FALSE),"NA") -> 0.075035027 | K41: =IFERROR(VLOOKUP('CtryERP&CRP'!B41,'ERPsCRPs&Spreads'!$B$169:$I$189,7,FALSE),"NA") -> NA | L41: =IF(I41<>"NA",I41,IF(J41<>"NA",J41,K41)) -> 0.045092247
B42: Qatar | D42: =IFERROR(VLOOKUP(B42,'ERPsCRPs&Spreads'!$B$8:$K$164,10,FALSE),"NA") -> 0.045447386 | E42: =IFERROR(VLOOKUP(B42,'ERPsCRPs&Spreads'!$B$8:$H$164,7,FALSE),"NA") -> 0.044808766 | F42: =IFERROR(VLOOKUP(B42,'ERPsCRPs&Spreads'!$B$169:$I$189,8,FALSE),"NA") -> NA | G42: =IF(D42<>"NA",D42,IF(E42<>"NA",E42,F42)) -> 0.045447386 | I42: =IFERROR(VLOOKUP(B42,'ERPsCRPs&Spreads'!$B$8:$K$164,9,FALSE),"NA") -> 0.015434259 | J42: =IFERROR(VLOOKUP(B42,'ERPsCRPs&Spreads'!$B$8:$K$164,6,FALSE),"NA") -> 0.014795639 | K42: =IFERROR(VLOOKUP('CtryERP&CRP'!B42,'ERPsCRPs&Spreads'!$B$169:$I$189,7,FALSE),"NA") -> NA | L42: =IF(I42<>"NA",I42,IF(J42<>"NA",J42,K42)) -> 0.015434259
B43: Ras Al Khaimah (Emirate of) | D43: =IFERROR(VLOOKUP(B43,'ERPsCRPs&Spreads'!$B$8:$K$164,10,FALSE),"NA") -> NA | E43: =IFERROR(VLOOKUP(B43,'ERPsCRPs&Spreads'!$B$8:$H$164,7,FALSE),"NA") -> 0.065945393 | F43: =IFERROR(VLOOKUP(B43,'ERPsCRPs&Spreads'!$B$169:$I$189,8,FALSE),"NA") -> NA | G43: =IF(D43<>"NA",D43,IF(E43<>"NA",E43,F43)) -> 0.065945393 | I43: =IFERROR(VLOOKUP(B43,'ERPsCRPs&Spreads'!$B$8:$K$164,9,FALSE),"NA") -> NA | J43: =IFERROR(VLOOKUP(B43,'ERPsCRPs&Spreads'!$B$8:$K$164,6,FALSE),"NA") -> 0.035932266 | K43: =IFERROR(VLOOKUP('CtryERP&CRP'!B43,'ERPsCRPs&Spreads'!$B$169:$I$189,7,FALSE),"NA") -> NA | L43: =IF(I43<>"NA",I43,IF(J43<>"NA",J43,K43)) -> 0.035932266
B44: Saudi Arabia | D44: =IFERROR(VLOOKUP(B44,'ERPsCRPs&Spreads'!$B$8:$K$164,10,FALSE),"NA") -> 0.058763217 | E44: =IFERROR(VLOOKUP(B44,'ERPsCRPs&Spreads'!$B$8:$H$164,7,FALSE),"NA") -> 0.04797926 | F44: =IFERROR(VLOOKUP(B44,'ERPsCRPs&Spreads'!$B$169:$I$189,8,FALSE),"NA") -> NA | G44: =IF(D44<>"NA",D44,IF(E44<>"NA",E44,F44)) -> 0.058763217 | I44: =IFERROR(VLOOKUP(B44,'ERPsCRPs&Spreads'!$B$8:$K$164,9,FALSE),"NA") -> 0.02875009 | J44: =IFERROR(VLOOKUP(B44,'ERPsCRPs&Spreads'!$B$8:$K$164,6,FALSE),"NA") -> 0.017966133 | K44: =IFERROR(VLOOKUP('CtryERP&CRP'!B44,'ERPsCRPs&Spreads'!$B$169:$I$189,7,FALSE),"NA") -> NA | L44: =IF(I44<>"NA",I44,IF(J44<>"NA",J44,K44)) -> 0.02875009
... B48: Yemen, Republic | D48: =IFERROR(VLOOKUP(B48,'ERPsCRPs&Spreads'!$B$8:$K$164,10,FALSE),"NA") -> NA | E48: =IFERROR(VLOOKUP(B48,'ERPsCRPs&Spreads'!$B$8:$H$164,7,FALSE),"NA") -> NA | F48: =IFERROR(VLOOKUP(B48,'ERPsCRPs&Spreads'!$B$169:$I$189,8,FALSE),"NA") -> 0.38968807 | G48: =IF(D48<>"NA",D48,IF(E48<>"NA",E48,F48)) -> 0.38968807 | I48: =IFERROR(VLOOKUP(B48,'ERPsCRPs&Spreads'!$B$8:$K$164,9,FALSE),"NA") -> NA | J48: =IFERROR(VLOOKUP(B48,'ERPsCRPs&Spreads'!$B$8:$K$164,6,FALSE),"NA") -> NA | K48: =IFERROR(VLOOKUP('CtryERP&CRP'!B48,'ERPsCRPs&Spreads'!$B$169:$I$189,7,FALSE),"NA") -> 0.35967494 | L48: =IF(I48<>"NA",I48,IF(J48<>"NA",J48,K48)) -> 0.35967494
B50: Africa | D50: ERP (CDS CRP) | E50: ERP (Ratings CRP) | F50: ERP (PRS Score) | G50: ERP (Final) | I50: CRP (CDS) | J50: CRP (Ratings) | K50: CRP (PRS) | L50: CRP (Final)
B51: Algeria | D51: =IFERROR(VLOOKUP(B51,'ERPsCRPs&Spreads'!$B$8:$K$164,10,FALSE),"NA") -> NA | E51: =IFERROR(VLOOKUP(B51,'ERPsCRPs&Spreads'!$B$8:$H$164,7,FALSE),"NA") -> NA | F51: =IFERROR(VLOOKUP(B51,'ERPsCRPs&Spreads'!$B$169:$I$189,8,FALSE),"NA") -> 0.12019607 | G51: =IF(D51<>"NA",D51,IF(E51<>"NA",E51,F51)) -> 0.12019607 | I51: =IFERROR(VLOOKUP(B51,'ERPsCRPs&Spreads'!$B$8:$K$164,9,FALSE),"NA") -> NA | J51: =IFERROR(VLOOKUP(B51,'ERPsCRPs&Spreads'!$B$8:$K$164,6,FALSE),"NA") -> NA | K51: =IFERROR(VLOOKUP('CtryERP&CRP'!B51,'ERPsCRPs&Spreads'!$B$169:$I$189,7,FALSE),"NA") -> 0.090182943 | L51: =IF(I51<>"NA",I51,IF(J51<>"NA",J51,K51)) -> 0.090182943
B52: Angola | D52: =IFERROR(VLOOKUP(B52,'ERPsCRPs&Spreads'!$B$8:$K$164,10,FALSE),"NA") -> 0.24155327 | E52: =IFERROR(VLOOKUP(B52,'ERPsCRPs&Spreads'!$B$8:$H$164,7,FALSE),"NA") -> 0.22482237 | F52: =IFERROR(VLOOKUP(B52,'ERPsCRPs&Spreads'!$B$169:$I$189,8,FALSE),"NA") -> NA | G52: =IF(D52<>"NA",D52,IF(E52<>"NA",E52,F52)) -> 0.24155327 | I52: =IFERROR(VLOOKUP(B52,'ERPsCRPs&Spreads'!$B$8:$K$164,9,FALSE),"NA") -> 0.21154014 | J52: =IFERROR(VLOOKUP(B52,'ERPsCRPs&Spreads'!$B$8:$K$164,6,FALSE),"NA") -> 0.19480925 | K52: =IFERROR(VLOOKUP('CtryERP&CRP'!B52,'ERPsCRPs&Spreads'!$B$169:$I$189,7,FALSE),"NA") -> NA | L52: =IF(I52<>"NA",I52,IF(J52<>"NA",J52,K52)) -> 0.21154014
B53: Benin | D53: =IFERROR(VLOOKUP(B53,'ERPsCRPs&Spreads'!$B$8:$K$164,10,FALSE),"NA") -> NA | E53: =IFERROR(VLOOKUP(B53,'ERPsCRPs&Spreads'!$B$8:$H$164,7,FALSE),"NA") -> 0.16493526 | F53: =IFERROR(VLOOKUP(B53,'ERPsCRPs&Spreads'!$B$169:$I$189,8,FALSE),"NA") -> NA | G53: =IF(D53<>"NA",D53,IF(E53<>"NA",E53,F53)) -> 0.16493526 | I53: =IFERROR(VLOOKUP(B53,'ERPsCRPs&Spreads'!$B$8:$K$164,9,FALSE),"NA") -> NA | J53: =IFERROR(VLOOKUP(B53,'ERPsCRPs&Spreads'!$B$8:$K$164,6,FALSE),"NA") -> 0.13492214 | K53: =IFERROR(VLOOKUP('CtryERP&CRP'!B53,'ERPsCRPs&Spreads'!$B$169:$I$189,7,FALSE),"NA") -> NA | L53: =IF(I53<>"NA",I53,IF(J53<>"NA",J53,K53)) -> 0.13492214
B54: Botswana | D54: =IFERROR(VLOOKUP(B54,'ERPsCRPs&Spreads'!$B$8:$K$164,10,FALSE),"NA") -> NA | E54: =IFERROR(VLOOKUP(B54,'ERPsCRPs&Spreads'!$B$8:$H$164,7,FALSE),"NA") -> 0.065945393 | F54: =IFERROR(VLOOKUP(B54,'ERPsCRPs&Spreads'!$B$169:$I$189,8,FALSE),"NA") -> NA | G54: =IF(D54<>"NA",D54,IF(E54<>"NA",E54,F54)) -> 0.065945393 | I54: =IFERROR(VLOOKUP(B54,'ERPsCRPs&Spreads'!$B$8:$K$164,9,FALSE),"NA") -> NA | J54: =IFERROR(VLOOKUP(B54,'ERPsCRPs&Spreads'!$B$8:$K$164,6,FALSE),"NA") -> 0.035932266 | K54: =IFERROR(VLOOKUP('CtryERP&CRP'!B54,'ERPsCRPs&Spreads'!$B$169:$I$189,7,FALSE),"NA") -> NA | L54: =IF(I54<>"NA",I54,IF(J54<>"NA",J54,K54)) -> 0.035932266
B55: Burkina Faso | D55: =IFERROR(VLOOKUP(B55,'ERPsCRPs&Spreads'!$B$8:$K$164,10,FALSE),"NA") -> NA | E55: =IFERROR(VLOOKUP(B55,'ERPsCRPs&Spreads'!$B$8:$H$164,7,FALSE),"NA") -> 0.25476593 | F55: =IFERROR(VLOOKUP(B55,'ERPsCRPs&Spreads'!$B$169:$I$189,8,FALSE),"NA") -> NA | G55: =IF(D55<>"NA",D55,IF(E55<>"NA",E55,F55)) -> 0.25476593 | I55: =IFERROR(VLOOKUP(B55,'ERPsCRPs&Spreads'!$B$8:$K$164,9,FALSE),"NA") -> NA | J55: =IFERROR(VLOOKUP(B55,'ERPsCRPs&Spreads'!$B$8:$K$164,6,FALSE),"NA") -> 0.2247528 | K55: =IFERROR(VLOOKUP('CtryERP&CRP'!B55,'ERPsCRPs&Spreads'!$B$169:$I$189,7,FALSE),"NA") -> NA | L55: =IF(I55<>"NA",I55,IF(J55<>"NA",J55,K55)) -> 0.2247528
B56: Cameroon | D56: =IFERROR(VLOOKUP(B56,'ERPsCRPs&Spreads'!$B$8:$K$164,10,FALSE),"NA") -> 0.2678823 | E56: =IFERROR(VLOOKUP(B56,'ERPsCRPs&Spreads'!$B$8:$H$164,7,FALSE),"NA") -> 0.25476593 | F56: =IFERROR(VLOOKUP(B56,'ERPsCRPs&Spreads'!$B$169:$I$189,8,FALSE),"NA") -> NA | G56: =IF(D56<>"NA",D56,IF(E56<>"NA",E56,F56)) -> 0.2678823 | I56: =IFERROR(VLOOKUP(B56,'ERPsCRPs&Spreads'!$B$8:$K$164,9,FALSE),"NA") -> 0.23786917 | J56: =IFERROR(VLOOKUP(B56,'ERPsCRPs&Spreads'!$B$8:$K$164,6,FALSE),"NA") -> 0.2247528 | K56: =IFERROR(VLOOKUP('CtryERP&CRP'!B56,'ERPsCRPs&Spreads'!$B$169:$I$189,7,FALSE),"NA") -> NA | L56: =IF(I56<>"NA",I56,IF(J56<>"NA",J56,K56)) -> 0.23786917
B57: Cape Verde | D57: =IFERROR(VLOOKUP(B57,'ERPsCRPs&Spreads'!$B$8:$K$164,10,FALSE),"NA") -> NA | E57: =IFERROR(VLOOKUP(B57,'ERPsCRPs&Spreads'!$B$8:$H$164,7,FALSE),"NA") -> 0.19487882 | F57: =IFERROR(VLOOKUP(B57,'ERPsCRPs&Spreads'!$B$169:$I$189,8,FALSE),"NA") -> NA | G57: =IF(D57<>"NA",D57,IF(E57<>"NA",E57,F57)) -> 0.19487882 | I57: =IFERROR(VLOOKUP(B57,'ERPsCRPs&Spreads'!$B$8:$K$164,9,FALSE),"NA") -> NA | J57: =IFERROR(VLOOKUP(B57,'ERPsCRPs&Spreads'!$B$8:$K$164,6,FALSE),"NA") -> 0.16486569 | K57: =IFERROR(VLOOKUP('CtryERP&CRP'!B57,'ERPsCRPs&Spreads'!$B$169:$I$189,7,FALSE),"NA") -> NA | L57: =IF(I57<>"NA",I57,IF(J57<>"NA",J57,K57)) -> 0.16486569
B58: Congo (Democratic Republic of) | D58: =IFERROR(VLOOKUP(B58,'ERPsCRPs&Spreads'!$B$8:$K$164,10,FALSE),"NA") -> NA | E58: =IFERROR(VLOOKUP(B58,'ERPsCRPs&Spreads'!$B$8:$H$164,7,FALSE),"NA") -> 0.22482237 | F58: =IFERROR(VLOOKUP(B58,'ERPsCRPs&Spreads'!$B$169:$I$189,8,FALSE),"NA") -> NA | G58: =IF(D58<>"NA",D58,IF(E58<>"NA",E58,F58)) -> 0.22482237 | I58: =IFERROR(VLOOKUP(B58,'ERPsCRPs&Spreads'!$B$8:$K$164,9,FALSE),"NA") -> NA | J58: =IFERROR(VLOOKUP(B58,'ERPsCRPs&Spreads'!$B$8:$K$164,6,FALSE),"NA") -> 0.19480925 | K58: =IFERROR(VLOOKUP('CtryERP&CRP'!B58,'ERPsCRPs&Spreads'!$B$169:$I$189,7,FALSE),"NA") -> NA | L58: =IF(I58<>"NA",I58,IF(J58<>"NA",J58,K58)) -> 0.19480925
B59: Congo (Republic of) | D59: =IFERROR(VLOOKUP(B59,'ERPsCRPs&Spreads'!$B$8:$K$164,10,FALSE),"NA") -> NA | E59: =IFERROR(VLOOKUP(B59,'ERPsCRPs&Spreads'!$B$8:$H$164,7,FALSE),"NA") -> 0.2998574 | F59: =IFERROR(VLOOKUP(B59,'ERPsCRPs&Spreads'!$B$169:$I$189,8,FALSE),"NA") -> NA | G59: =IF(D59<>"NA",D59,IF(E59<>"NA",E59,F59)) -> 0.2998574 | I59: =IFERROR(VLOOKUP(B59,'ERPsCRPs&Spreads'!$B$8:$K$164,9,FALSE),"NA") -> NA | J59: =IFERROR(VLOOKUP(B59,'ERPsCRPs&Spreads'!$B$8:$K$164,6,FALSE),"NA") -> 0.26984428 | K59: =IFERROR(VLOOKUP('CtryERP&CRP'!B59,'ERPsCRPs&Spreads'!$B$169:$I$189,7,FALSE),"NA") -> NA | L59: =IF(I59<>"NA",I59,IF(J59<>"NA",J59,K59)) -> 0.26984428
B60: Côte d'Ivoire | D60: =IFERROR(VLOOKUP(B60,'ERPsCRPs&Spreads'!$B$8:$K$164,10,FALSE),"NA") -> NA | E60: =IFERROR(VLOOKUP(B60,'ERPsCRPs&Spreads'!$B$8:$H$164,7,FALSE),"NA") -> 0.12019607 | F60: =IFERROR(VLOOKUP(B60,'ERPsCRPs&Spreads'!$B$169:$I$189,8,FALSE),"NA") -> NA | G60: =IF(D60<>"NA",D60,IF(E60<>"NA",E60,F60)) -> 0.12019607 | I60: =IFERROR(VLOOKUP(B60,'ERPsCRPs&Spreads'!$B$8:$K$164,9,FALSE),"NA") -> NA | J60: =IFERROR(VLOOKUP(B60,'ERPsCRPs&Spreads'!$B$8:$K$164,6,FALSE),"NA") -> 0.090182943 | K60: =IFERROR(VLOOKUP('CtryERP&CRP'!B60,'ERPsCRPs&Spreads'!$B$169:$I$189,7,FALSE),"NA") -> NA | L60: =IF(I60<>"NA",I60,IF(J60<>"NA",J60,K60)) -> 0.090182943
B61: Egypt | D61: =IFERROR(VLOOKUP(B61,'ERPsCRPs&Spreads'!$B$8:$K$164,10,FALSE),"NA") -> 0.22490848 | E61: =IFERROR(VLOOKUP(B61,'ERPsCRPs&Spreads'!$B$8:$H$164,7,FALSE),"NA") -> 0.25476593 | F61: =IFERROR(VLOOKUP(B61,'ERPsCRPs&Spreads'!$B$169:$I$189,8,FALSE),"NA") -> NA | G61: =IF(D61<>"NA",D61,IF(E61<>"NA",E61,F61)) -> 0.22490848 | I61: =IFERROR(VLOOKUP(B61,'ERPsCRPs&Spreads'!$B$8:$K$164,9,FALSE),"NA") -> 0.19489535 | J61: =IFERROR(VLOOKUP(B61,'ERPsCRPs&Spreads'!$B$8:$K$164,6,FALSE),"NA") -> 0.2247528 | K61: =IFERROR(VLOOKUP('CtryERP&CRP'!B61,'ERPsCRPs&Spreads'!$B$169:$I$189,7,FALSE),"NA") -> NA | L61: =IF(I61<>"NA",I61,IF(J61<>"NA",J61,K61)) -> 0.19489535
B62: Ethiopia | D62: =IFERROR(VLOOKUP(B62,'ERPsCRPs&Spreads'!$B$8:$K$164,10,FALSE),"NA") -> NA | E62: =IFERROR(VLOOKUP(B62,'ERPsCRPs&Spreads'!$B$8:$H$164,7,FALSE),"NA") -> 0.2998574 | F62: =IFERROR(VLOOKUP(B62,'ERPsCRPs&Spreads'!$B$169:$I$189,8,FALSE),"NA") -> NA | G62: =IF(D62<>"NA",D62,IF(E62<>"NA",E62,F62)) -> 0.2998574 | I62: =IFERROR(VLOOKUP(B62,'ERPsCRPs&Spreads'!$B$8:$K$164,9,FALSE),"NA") -> NA | J62: =IFERROR(VLOOKUP(B62,'ERPsCRPs&Spreads'!$B$8:$K$164,6,FALSE),"NA") -> 0.26984428 | K62: =IFERROR(VLOOKUP('CtryERP&CRP'!B62,'ERPsCRPs&Spreads'!$B$169:$I$189,7,FALSE),"NA") -> NA | L62: =IF(I62<>"NA",I62,IF(J62<>"NA",J62,K62)) -> 0.26984428
... B92: Zimbabwe | D92: =IFERROR(VLOOKUP(B92,'ERPsCRPs&Spreads'!$B$8:$K$164,10,FALSE),"NA") -> NA | E92: =IFERROR(VLOOKUP(B92,'ERPsCRPs&Spreads'!$B$8:$H$164,7,FALSE),"NA") -> NA | F92: =IFERROR(VLOOKUP(B92,'ERPsCRPs&Spreads'!$B$169:$I$189,8,FALSE),"NA") -> 0.2998574 | G92: =IF(D92<>"NA",D92,IF(E92<>"NA",E92,F92)) -> 0.2998574 | I92: =IFERROR(VLOOKUP(B92,'ERPsCRPs&Spreads'!$B$8:$K$164,9,FALSE),"NA") -> NA | J92: =IFERROR(VLOOKUP(B92,'ERPsCRPs&Spreads'!$B$8:$K$164,6,FALSE),"NA") -> NA | K92: =IFERROR(VLOOKUP('CtryERP&CRP'!B92,'ERPsCRPs&Spreads'!$B$169:$I$189,7,FALSE),"NA") -> 0.26984428 | L92: =IF(I92<>"NA",I92,IF(J92<>"NA",J92,K92)) -> 0.26984428
B94: Eastern Europe & Russia | D94: ERP (CDS CRP) | E94: ERP (Ratings CRP) | F94: ERP (PRS Score) | G94: ERP (Final) | I94: CRP (CDS) | J94: CRP (Ratings) | K94: CRP (PRS) | L94: CRP (Final)
B95: Albania | D95: =IFERROR(VLOOKUP(B95,'ERPsCRPs&Spreads'!$B$8:$K$164,10,FALSE),"NA") -> NA | E95: =IFERROR(VLOOKUP(B95,'ERPsCRPs&Spreads'!$B$8:$H$164,7,FALSE),"NA") -> 0.13780993 | F95: =IFERROR(VLOOKUP(B95,'ERPsCRPs&Spreads'!$B$169:$I$189,8,FALSE),"NA") -> NA | G95: =IF(D95<>"NA",D95,IF(E95<>"NA",E95,F95)) -> 0.13780993 | I95: =IFERROR(VLOOKUP(B95,'ERPsCRPs&Spreads'!$B$8:$K$164,9,FALSE),"NA") -> NA | J95: =IFERROR(VLOOKUP(B95,'ERPsCRPs&Spreads'!$B$8:$K$164,6,FALSE),"NA") -> 0.1077968 | K95: =IFERROR(VLOOKUP('CtryERP&CRP'!B95,'ERPsCRPs&Spreads'!$B$169:$I$189,7,FALSE),"NA") -> NA | L95: =IF(I95<>"NA",I95,IF(J95<>"NA",J95,K95)) -> 0.1077968
B96: Armenia | D96: =IFERROR(VLOOKUP(B96,'ERPsCRPs&Spreads'!$B$8:$K$164,10,FALSE),"NA") -> NA | E96: =IFERROR(VLOOKUP(B96,'ERPsCRPs&Spreads'!$B$8:$H$164,7,FALSE),"NA") -> 0.13780993 | F96: =IFERROR(VLOOKUP(B96,'ERPsCRPs&Spreads'!$B$169:$I$189,8,FALSE),"NA") -> NA | G96: =IF(D96<>"NA",D96,IF(E96<>"NA",E96,F96)) -> 0.13780993 | I96: =IFERROR(VLOOKUP(B96,'ERPsCRPs&Spreads'!$B$8:$K$164,9,FALSE),"NA") -> NA | J96: =IFERROR(VLOOKUP(B96,'ERPsCRPs&Spreads'!$B$8:$K$164,6,FALSE),"NA") -> 0.1077968 | K96: =IFERROR(VLOOKUP('CtryERP&CRP'!B96,'ERPsCRPs&Spreads'!$B$169:$I$189,7,FALSE),"NA") -> NA | L96: =IF(I96<>"NA",I96,IF(J96<>"NA",J96,K96)) -> 0.1077968
B97: Azerbaijan | D97: =IFERROR(VLOOKUP(B97,'ERPsCRPs&Spreads'!$B$8:$K$164,10,FALSE),"NA") -> NA | E97: =IFERROR(VLOOKUP(B97,'ERPsCRPs&Spreads'!$B$8:$H$164,7,FALSE),"NA") -> 0.10504815 | F97: =IFERROR(VLOOKUP(B97,'ERPsCRPs&Spreads'!$B$169:$I$189,8,FALSE),"NA") -> NA | G97: =IF(D97<>"NA",D97,IF(E97<>"NA",E97,F97)) -> 0.10504815 | I97: =IFERROR(VLOOKUP(B97,'ERPsCRPs&Spreads'!$B$8:$K$164,9,FALSE),"NA") -> NA | J97: =IFERROR(VLOOKUP(B97,'ERPsCRPs&Spreads'!$B$8:$K$164,6,FALSE),"NA") -> 0.075035027 | K97: =IFERROR(VLOOKUP('CtryERP&CRP'!B97,'ERPsCRPs&Spreads'!$B$169:$I$189,7,FALSE),"NA") -> NA | L97: =IF(I97<>"NA",I97,IF(J97<>"NA",J97,K97)) -> 0.075035027
B98: Belarus | D98: =IFERROR(VLOOKUP(B98,'ERPsCRPs&Spreads'!$B$8:$K$164,10,FALSE),"NA") -> NA | E98: =IFERROR(VLOOKUP(B98,'ERPsCRPs&Spreads'!$B$8:$H$164,7,FALSE),"NA") -> 0.55962005 | F98: =IFERROR(VLOOKUP(B98,'ERPsCRPs&Spreads'!$B$169:$I$189,8,FALSE),"NA") -> NA | G98: =IF(D98<>"NA",D98,IF(E98<>"NA",E98,F98)) -> 0.55962005 | I98: =IFERROR(VLOOKUP(B98,'ERPsCRPs&Spreads'!$B$8:$K$164,9,FALSE),"NA") -> NA | J98: =IFERROR(VLOOKUP(B98,'ERPsCRPs&Spreads'!$B$8:$K$164,6,FALSE),"NA") -> 0.52960693 | K98: =IFERROR(VLOOKUP('CtryERP&CRP'!B98,'ERPsCRPs&Spreads'!$B$169:$I$189,7,FALSE),"NA") -> NA | L98: =IF(I98<>"NA",I98,IF(J98<>"NA",J98,K98)) -> 0.52960693
B99: Bosnia and Herzegovina | D99: =IFERROR(VLOOKUP(B99,'ERPsCRPs&Spreads'!$B$8:$K$164,10,FALSE),"NA") -> NA | E99: =IFERROR(VLOOKUP(B99,'ERPsCRPs&Spreads'!$B$8:$H$164,7,FALSE),"NA") -> 0.22482237 | F99: =IFERROR(VLOOKUP(B99,'ERPsCRPs&Spreads'!$B$169:$I$189,8,FALSE),"NA") -> NA | G99: =IF(D99<>"NA",D99,IF(E99<>"NA",E99,F99)) -> 0.22482237 | I99: =IFERROR(VLOOKUP(B99,'ERPsCRPs&Spreads'!$B$8:$K$164,9,FALSE),"NA") -> NA | J99: =IFERROR(VLOOKUP(B99,'ERPsCRPs&Spreads'!$B$8:$K$164,6,FALSE),"NA") -> 0.19480925 | K99: =IFERROR(VLOOKUP('CtryERP&CRP'!B99,'ERPsCRPs&Spreads'!$B$169:$I$189,7,FALSE),"NA") -> NA | L99: =IF(I99<>"NA",I99,IF(J99<>"NA",J99,K99)) -> 0.19480925
B100: Bulgaria | D100: =IFERROR(VLOOKUP(B100,'ERPsCRPs&Spreads'!$B$8:$K$164,10,FALSE),"NA") -> 0.058763217 | E100: =IFERROR(VLOOKUP(B100,'ERPsCRPs&Spreads'!$B$8:$H$164,7,FALSE),"NA") -> 0.077922815 | F100: =IFERROR(VLOOKUP(B100,'ERPsCRPs&Spreads'!$B$169:$I$189,8,FALSE),"NA") -> NA | G100: =IF(D100<>"NA",D100,IF(E100<>"NA",E100,F100)) -> 0.058763217 | I100: =IFERROR(VLOOKUP(B100,'ERPsCRPs&Spreads'!$B$8:$K$164,9,FALSE),"NA") -> 0.02875009 | J100: =IFERROR(VLOOKUP(B100,'ERPsCRPs&Spreads'!$B$8:$K$164,6,FALSE),"NA") -> 0.047909689 | K100: =IFERROR(VLOOKUP('CtryERP&CRP'!B100,'ERPsCRPs&Spreads'!$B$169:$I$189,7,FALSE),"NA") -> NA | L100: =IF(I100<>"NA",I100,IF(J100<>"NA",J100,K100)) -> 0.02875009
B101: Croatia | D101: =IFERROR(VLOOKUP(B101,'ERPsCRPs&Spreads'!$B$8:$K$164,10,FALSE),"NA") -> 0.062394807 | E101: =IFERROR(VLOOKUP(B101,'ERPsCRPs&Spreads'!$B$8:$H$164,7,FALSE),"NA") -> 0.065945393 | F101: =IFERROR(VLOOKUP(B101,'ERPsCRPs&Spreads'!$B$169:$I$189,8,FALSE),"NA") -> NA | G101: =IF(D101<>"NA",D101,IF(E101<>"NA",E101,F101)) -> 0.062394807 | I101: =IFERROR(VLOOKUP(B101,'ERPsCRPs&Spreads'!$B$8:$K$164,9,FALSE),"NA") -> 0.032381681 | J101: =IFERROR(VLOOKUP(B101,'ERPsCRPs&Spreads'!$B$8:$K$164,6,FALSE),"NA") -> 0.035932266 | K101: =IFERROR(VLOOKUP('CtryERP&CRP'!B101,'ERPsCRPs&Spreads'!$B$169:$I$189,7,FALSE),"NA") -> NA | L101: =IF(I101<>"NA",I101,IF(J101<>"NA",J101,K101)) -> 0.032381681
B102: Czech Republic | D102: =IFERROR(VLOOKUP(B102,'ERPsCRPs&Spreads'!$B$8:$K$164,10,FALSE),"NA") -> 0.04121053 | E102: =IFERROR(VLOOKUP(B102,'ERPsCRPs&Spreads'!$B$8:$H$164,7,FALSE),"NA") -> 0.04797926 | F102: =IFERROR(VLOOKUP(B102,'ERPsCRPs&Spreads'!$B$169:$I$189,8,FALSE),"NA") -> NA | G102: =IF(D102<>"NA",D102,IF(E102<>"NA",E102,F102)) -> 0.04121053 | I102: =IFERROR(VLOOKUP(B102,'ERPsCRPs&Spreads'!$B$8:$K$164,9,FALSE),"NA") -> 0.011197404 | J102: =IFERROR(VLOOKUP(B102,'ERPsCRPs&Spreads'!$B$8:$K$164,6,FALSE),"NA") -> 0.017966133 | K102: =IFERROR(VLOOKUP('CtryERP&CRP'!B102,'ERPsCRPs&Spreads'!$B$169:$I$189,7,FALSE),"NA") -> NA | L102: =IF(I102<>"NA",I102,IF(J102<>"NA",J102,K102)) -> 0.011197404
B103: Estonia | D103: =IFERROR(VLOOKUP(B103,'ERPsCRPs&Spreads'!$B$8:$K$164,10,FALSE),"NA") -> 0.053013199 | E103: =IFERROR(VLOOKUP(B103,'ERPsCRPs&Spreads'!$B$8:$H$164,7,FALSE),"NA") -> 0.051149754 | F103: =IFERROR(VLOOKUP(B103,'ERPsCRPs&Spreads'!$B$169:$I$189,8,FALSE),"NA") -> NA | G103: =IF(D103<>"NA",D103,IF(E103<>"NA",E103,F103)) -> 0.053013199 | I103: =IFERROR(VLOOKUP(B103,'ERPsCRPs&Spreads'!$B$8:$K$164,9,FALSE),"NA") -> 0.023000072 | J103: =IFERROR(VLOOKUP(B103,'ERPsCRPs&Spreads'!$B$8:$K$164,6,FALSE),"NA") -> 0.021136627 | K103: =IFERROR(VLOOKUP('CtryERP&CRP'!B103,'ERPsCRPs&Spreads'!$B$169:$I$189,7,FALSE),"NA") -> NA | L103: =IF(I103<>"NA",I103,IF(J103<>"NA",J103,K103)) -> 0.023000072
B104: Georgia | D104: =IFERROR(VLOOKUP(B104,'ERPsCRPs&Spreads'!$B$8:$K$164,10,FALSE),"NA") -> NA | E104: =IFERROR(VLOOKUP(B104,'ERPsCRPs&Spreads'!$B$8:$H$164,7,FALSE),"NA") -> 0.12019607 | F104: =IFERROR(VLOOKUP(B104,'ERPsCRPs&Spreads'!$B$169:$I$189,8,FALSE),"NA") -> NA | G104: =IF(D104<>"NA",D104,IF(E104<>"NA",E104,F104)) -> 0.12019607 | I104: =IFERROR(VLOOKUP(B104,'ERPsCRPs&Spreads'!$B$8:$K$164,9,FALSE),"NA") -> NA | J104: =IFERROR(VLOOKUP(B104,'ERPsCRPs&Spreads'!$B$8:$K$164,6,FALSE),"NA") -> 0.090182943 | K104: =IFERROR(VLOOKUP('CtryERP&CRP'!B104,'ERPsCRPs&Spreads'!$B$169:$I$189,7,FALSE),"NA") -> NA | L104: =IF(I104<>"NA",I104,IF(J104<>"NA",J104,K104)) -> 0.090182943
B105: Hungary | D105: =IFERROR(VLOOKUP(B105,'ERPsCRPs&Spreads'!$B$8:$K$164,10,FALSE),"NA") -> 0.080250126 | E105: =IFERROR(VLOOKUP(B105,'ERPsCRPs&Spreads'!$B$8:$H$164,7,FALSE),"NA") -> 0.08708202 | F105: =IFERROR(VLOOKUP(B105,'ERPsCRPs&Spreads'!$B$169:$I$189,8,FALSE),"NA") -> NA | G105: =IF(D105<>"NA",D105,IF(E105<>"NA",E105,F105)) -> 0.080250126 | I105: =IFERROR(VLOOKUP(B105,'ERPsCRPs&Spreads'!$B$8:$K$164,9,FALSE),"NA") -> 0.050237 | J105: =IFERROR(VLOOKUP(B105,'ERPsCRPs&Spreads'!$B$8:$K$164,6,FALSE),"NA") -> 0.057068894 | K105: =IFERROR(VLOOKUP('CtryERP&CRP'!B105,'ERPsCRPs&Spreads'!$B$169:$I$189,7,FALSE),"NA") -> NA | L105: =IF(I105<>"NA",I105,IF(J105<>"NA",J105,K105)) -> 0.050237
B106: Kazakhstan | D106: =IFERROR(VLOOKUP(B106,'ERPsCRPs&Spreads'!$B$8:$K$164,10,FALSE),"NA") -> 0.069052723 | E106: =IFERROR(VLOOKUP(B106,'ERPsCRPs&Spreads'!$B$8:$H$164,7,FALSE),"NA") -> 0.077922815 | F106: =IFERROR(VLOOKUP(B106,'ERPsCRPs&Spreads'!$B$169:$I$189,8,FALSE),"NA") -> NA | G106: =IF(D106<>"NA",D106,IF(E106<>"NA",E106,F106)) -> 0.069052723 | I106: =IFERROR(VLOOKUP(B106,'ERPsCRPs&Spreads'!$B$8:$K$164,9,FALSE),"NA") -> 0.039039596 | J106: =IFERROR(VLOOKUP(B106,'ERPsCRPs&Spreads'!$B$8:$K$164,6,FALSE),"NA") -> 0.047909689 | K106: =IFERROR(VLOOKUP('CtryERP&CRP'!B106,'ERPsCRPs&Spreads'!$B$169:$I$189,7,FALSE),"NA") -> NA | L106: =IF(I106<>"NA",I106,IF(J106<>"NA",J106,K106)) -> 0.039039596
... B121: Uzbekistan | D121: =IFERROR(VLOOKUP(B121,'ERPsCRPs&Spreads'!$B$8:$K$164,10,FALSE),"NA") -> NA | E121: =IFERROR(VLOOKUP(B121,'ERPsCRPs&Spreads'!$B$8:$H$164,7,FALSE),"NA") -> 0.13780993 | F121: =IFERROR(VLOOKUP(B121,'ERPsCRPs&Spreads'!$B$169:$I$189,8,FALSE),"NA") -> NA | G121: =IF(D121<>"NA",D121,IF(E121<>"NA",E121,F121)) -> 0.13780993 | I121: =IFERROR(VLOOKUP(B121,'ERPsCRPs&Spreads'!$B$8:$K$164,9,FALSE),"NA") -> NA | J121: =IFERROR(VLOOKUP(B121,'ERPsCRPs&Spreads'!$B$8:$K$164,6,FALSE),"NA") -> 0.1077968 | K121: =IFERROR(VLOOKUP('CtryERP&CRP'!B121,'ERPsCRPs&Spreads'!$B$169:$I$189,7,FALSE),"NA") -> NA | L121: =IF(I121<>"NA",I121,IF(J121<>"NA",J121,K121)) -> 0.1077968
B123: Westeren Europe | D123: ERP (CDS CRP) | E123: ERP (Ratings CRP) | F123: ERP (PRS Score) | G123: ERP (Final) | I123: CRP (CDS) | J123: CRP (Ratings) | K123: CRP (PRS) | L123: CRP (Final)
B124: Andorra (Principality of) | D124: =IFERROR(VLOOKUP(B124,'ERPsCRPs&Spreads'!$B$8:$K$164,10,FALSE),"NA") -> NA | E124: =IFERROR(VLOOKUP(B124,'ERPsCRPs&Spreads'!$B$8:$H$164,7,FALSE),"NA") -> 0.077922815 | F124: =IFERROR(VLOOKUP(B124,'ERPsCRPs&Spreads'!$B$169:$I$189,8,FALSE),"NA") -> NA | G124: =IF(D124<>"NA",D124,IF(E124<>"NA",E124,F124)) -> 0.077922815 | I124: =IFERROR(VLOOKUP(B124,'ERPsCRPs&Spreads'!$B$8:$K$164,9,FALSE),"NA") -> NA | J124: =IFERROR(VLOOKUP(B124,'ERPsCRPs&Spreads'!$B$8:$K$164,6,FALSE),"NA") -> 0.047909689 | K124: =IFERROR(VLOOKUP('CtryERP&CRP'!B124,'ERPsCRPs&Spreads'!$B$169:$I$189,7,FALSE),"NA") -> NA | L124: =IF(I124<>"NA",I124,IF(J124<>"NA",J124,K124)) -> 0.047909689
B125: Austria | D125: =IFERROR(VLOOKUP(B125,'ERPsCRPs&Spreads'!$B$8:$K$164,10,FALSE),"NA") -> 0.034552614 | E125: =IFERROR(VLOOKUP(B125,'ERPsCRPs&Spreads'!$B$8:$H$164,7,FALSE),"NA") -> 0.041990549 | F125: =IFERROR(VLOOKUP(B125,'ERPsCRPs&Spreads'!$B$169:$I$189,8,FALSE),"NA") -> NA | G125: =IF(D125<>"NA",D125,IF(E125<>"NA",E125,F125)) -> 0.034552614 | I125: =IFERROR(VLOOKUP(B125,'ERPsCRPs&Spreads'!$B$8:$K$164,9,FALSE),"NA") -> 0.004539488 | J125: =IFERROR(VLOOKUP(B125,'ERPsCRPs&Spreads'!$B$8:$K$164,6,FALSE),"NA") -> 0.011977422 | K125: =IFERROR(VLOOKUP('CtryERP&CRP'!B125,'ERPsCRPs&Spreads'!$B$169:$I$189,7,FALSE),"NA") -> NA | L125: =IF(I125<>"NA",I125,IF(J125<>"NA",J125,K125)) -> 0.004539488
B126: Belgium | D126: =IFERROR(VLOOKUP(B126,'ERPsCRPs&Spreads'!$B$8:$K$164,10,FALSE),"NA") -> 0.04 | E126: =IFERROR(VLOOKUP(B126,'ERPsCRPs&Spreads'!$B$8:$H$164,7,FALSE),"NA") -> 0.04797926 | F126: =IFERROR(VLOOKUP(B126,'ERPsCRPs&Spreads'!$B$169:$I$189,8,FALSE),"NA") -> NA | G126: =IF(D126<>"NA",D126,IF(E126<>"NA",E126,F126)) -> 0.04 | I126: =IFERROR(VLOOKUP(B126,'ERPsCRPs&Spreads'!$B$8:$K$164,9,FALSE),"NA") -> 0.0099868735 | J126: =IFERROR(VLOOKUP(B126,'ERPsCRPs&Spreads'!$B$8:$K$164,6,FALSE),"NA") -> 0.017966133 | K126: =IFERROR(VLOOKUP('CtryERP&CRP'!B126,'ERPsCRPs&Spreads'!$B$169:$I$189,7,FALSE),"NA") -> NA | L126: =IF(I126<>"NA",I126,IF(J126<>"NA",J126,K126)) -> 0.0099868735
B127: Cyprus | D127: =IFERROR(VLOOKUP(B127,'ERPsCRPs&Spreads'!$B$8:$K$164,10,FALSE),"NA") -> 0.049684241 | E127: =IFERROR(VLOOKUP(B127,'ERPsCRPs&Spreads'!$B$8:$H$164,7,FALSE),"NA") -> 0.065945393 | F127: =IFERROR(VLOOKUP(B127,'ERPsCRPs&Spreads'!$B$169:$I$189,8,FALSE),"NA") -> NA | G127: =IF(D127<>"NA",D127,IF(E127<>"NA",E127,F127)) -> 0.049684241 | I127: =IFERROR(VLOOKUP(B127,'ERPsCRPs&Spreads'!$B$8:$K$164,9,FALSE),"NA") -> 0.019671114 | J127: =IFERROR(VLOOKUP(B127,'ERPsCRPs&Spreads'!$B$8:$K$164,6,FALSE),"NA") -> 0.035932266 | K127: =IFERROR(VLOOKUP('CtryERP&CRP'!B127,'ERPsCRPs&Spreads'!$B$169:$I$189,7,FALSE),"NA") -> NA | L127: =IF(I127<>"NA",I127,IF(J127<>"NA",J127,K127)) -> 0.019671114
B128: Denmark | D128: =IFERROR(VLOOKUP(B128,'ERPsCRPs&Spreads'!$B$8:$K$164,10,FALSE),"NA") -> 0.031223657 | E128: =IFERROR(VLOOKUP(B128,'ERPsCRPs&Spreads'!$B$8:$H$164,7,FALSE),"NA") -> 0.030013127 | F128: =IFERROR(VLOOKUP(B128,'ERPsCRPs&Spreads'!$B$169:$I$189,8,FALSE),"NA") -> NA | G128: =IF(D128<>"NA",D128,IF(E128<>"NA",E128,F128)) -> 0.031223657 | I128: =IFERROR(VLOOKUP(B128,'ERPsCRPs&Spreads'!$B$8:$K$164,9,FALSE),"NA") -> 0.0012105301 | J128: =IFERROR(VLOOKUP(B128,'ERPsCRPs&Spreads'!$B$8:$K$164,6,FALSE),"NA") -> 0 | K128: =IFERROR(VLOOKUP('CtryERP&CRP'!B128,'ERPsCRPs&Spreads'!$B$169:$I$189,7,FALSE),"NA") -> NA | L128: =IF(I128<>"NA",I128,IF(J128<>"NA",J128,K128)) -> 0.0012105301
B129: Finland | D129: =IFERROR(VLOOKUP(B129,'ERPsCRPs&Spreads'!$B$8:$K$164,10,FALSE),"NA") -> 0.034552614 | E129: =IFERROR(VLOOKUP(B129,'ERPsCRPs&Spreads'!$B$8:$H$164,7,FALSE),"NA") -> 0.041990549 | F129: =IFERROR(VLOOKUP(B129,'ERPsCRPs&Spreads'!$B$169:$I$189,8,FALSE),"NA") -> NA | G129: =IF(D129<>"NA",D129,IF(E129<>"NA",E129,F129)) -> 0.034552614 | I129: =IFERROR(VLOOKUP(B129,'ERPsCRPs&Spreads'!$B$8:$K$164,9,FALSE),"NA") -> 0.004539488 | J129: =IFERROR(VLOOKUP(B129,'ERPsCRPs&Spreads'!$B$8:$K$164,6,FALSE),"NA") -> 0.011977422 | K129: =IFERROR(VLOOKUP('CtryERP&CRP'!B129,'ERPsCRPs&Spreads'!$B$169:$I$189,7,FALSE),"NA") -> NA | L129: =IF(I129<>"NA",I129,IF(J129<>"NA",J129,K129)) -> 0.004539488
B130: France | D130: =IFERROR(VLOOKUP(B130,'ERPsCRPs&Spreads'!$B$8:$K$164,10,FALSE),"NA") -> 0.045447386 | E130: =IFERROR(VLOOKUP(B130,'ERPsCRPs&Spreads'!$B$8:$H$164,7,FALSE),"NA") -> 0.04797926 | F130: =IFERROR(VLOOKUP(B130,'ERPsCRPs&Spreads'!$B$169:$I$189,8,FALSE),"NA") -> NA | G130: =IF(D130<>"NA",D130,IF(E130<>"NA",E130,F130)) -> 0.045447386 | I130: =IFERROR(VLOOKUP(B130,'ERPsCRPs&Spreads'!$B$8:$K$164,9,FALSE),"NA") -> 0.015434259 | J130: =IFERROR(VLOOKUP(B130,'ERPsCRPs&Spreads'!$B$8:$K$164,6,FALSE),"NA") -> 0.017966133 | K130: =IFERROR(VLOOKUP('CtryERP&CRP'!B130,'ERPsCRPs&Spreads'!$B$169:$I$189,7,FALSE),"NA") -> NA | L130: =IF(I130<>"NA",I130,IF(J130<>"NA",J130,K130)) -> 0.015434259
B131: Germany | D131: =IFERROR(VLOOKUP(B131,'ERPsCRPs&Spreads'!$B$8:$K$164,10,FALSE),"NA") -> 0.032131554 | E131: =IFERROR(VLOOKUP(B131,'ERPsCRPs&Spreads'!$B$8:$H$164,7,FALSE),"NA") -> 0.030013127 | F131: =IFERROR(VLOOKUP(B131,'ERPsCRPs&Spreads'!$B$169:$I$189,8,FALSE),"NA") -> NA | G131: =IF(D131<>"NA",D131,IF(E131<>"NA",E131,F131)) -> 0.032131554 | I131: =IFERROR(VLOOKUP(B131,'ERPsCRPs&Spreads'!$B$8:$K$164,9,FALSE),"NA") -> 0.0021184277 | J131: =IFERROR(VLOOKUP(B131,'ERPsCRPs&Spreads'!$B$8:$K$164,6,FALSE),"NA") -> 0 | K131: =IFERROR(VLOOKUP('CtryERP&CRP'!B131,'ERPsCRPs&Spreads'!$B$169:$I$189,7,FALSE),"NA") -> NA | L131: =IF(I131<>"NA",I131,IF(J131<>"NA",J131,K131)) -> 0.0021184277
B132: Greece | D132: =IFERROR(VLOOKUP(B132,'ERPsCRPs&Spreads'!$B$8:$K$164,10,FALSE),"NA") -> 0.056342157 | E132: =IFERROR(VLOOKUP(B132,'ERPsCRPs&Spreads'!$B$8:$H$164,7,FALSE),"NA") -> 0.10504815 | F132: =IFERROR(VLOOKUP(B132,'ERPsCRPs&Spreads'!$B$169:$I$189,8,FALSE),"NA") -> NA | G132: =IF(D132<>"NA",D132,IF(E132<>"NA",E132,F132)) -> 0.056342157 | I132: =IFERROR(VLOOKUP(B132,'ERPsCRPs&Spreads'!$B$8:$K$164,9,FALSE),"NA") -> 0.02632903 | J132: =IFERROR(VLOOKUP(B132,'ERPsCRPs&Spreads'!$B$8:$K$164,6,FALSE),"NA") -> 0.075035027 | K132: =IFERROR(VLOOKUP('CtryERP&CRP'!B132,'ERPsCRPs&Spreads'!$B$169:$I$189,7,FALSE),"NA") -> NA | L132: =IF(I132<>"NA",I132,IF(J132<>"NA",J132,K132)) -> 0.02632903
B133: Guernsey (States of) | D133: =IFERROR(VLOOKUP(B133,'ERPsCRPs&Spreads'!$B$8:$K$164,10,FALSE),"NA") -> NA | E133: =IFERROR(VLOOKUP(B133,'ERPsCRPs&Spreads'!$B$8:$H$164,7,FALSE),"NA") -> 0.051149754 | F133: =IFERROR(VLOOKUP(B133,'ERPsCRPs&Spreads'!$B$169:$I$189,8,FALSE),"NA") -> NA | G133: =IF(D133<>"NA",D133,IF(E133<>"NA",E133,F133)) -> 0.051149754 | I133: =IFERROR(VLOOKUP(B133,'ERPsCRPs&Spreads'!$B$8:$K$164,9,FALSE),"NA") -> NA | J133: =IFERROR(VLOOKUP(B133,'ERPsCRPs&Spreads'!$B$8:$K$164,6,FALSE),"NA") -> 0.021136627 | K133: =IFERROR(VLOOKUP('CtryERP&CRP'!B133,'ERPsCRPs&Spreads'!$B$169:$I$189,7,FALSE),"NA") -> NA | L133: =IF(I133<>"NA",I133,IF(J133<>"NA",J133,K133)) -> 0.021136627
B134: Iceland | D134: =IFERROR(VLOOKUP(B134,'ERPsCRPs&Spreads'!$B$8:$K$164,10,FALSE),"NA") -> 0.039092102 | E134: =IFERROR(VLOOKUP(B134,'ERPsCRPs&Spreads'!$B$8:$H$164,7,FALSE),"NA") -> 0.051149754 | F134: =IFERROR(VLOOKUP(B134,'ERPsCRPs&Spreads'!$B$169:$I$189,8,FALSE),"NA") -> NA | G134: =IF(D134<>"NA",D134,IF(E134<>"NA",E134,F134)) -> 0.039092102 | I134: =IFERROR(VLOOKUP(B134,'ERPsCRPs&Spreads'!$B$8:$K$164,9,FALSE),"NA") -> 0.0090789759 | J134: =IFERROR(VLOOKUP(B134,'ERPsCRPs&Spreads'!$B$8:$K$164,6,FALSE),"NA") -> 0.021136627 | K134: =IFERROR(VLOOKUP('CtryERP&CRP'!B134,'ERPsCRPs&Spreads'!$B$169:$I$189,7,FALSE),"NA") -> NA | L134: =IF(I134<>"NA",I134,IF(J134<>"NA",J134,K134)) -> 0.0090789759
B135: Ireland | D135: =IFERROR(VLOOKUP(B135,'ERPsCRPs&Spreads'!$B$8:$K$164,10,FALSE),"NA") -> 0.03636841 | E135: =IFERROR(VLOOKUP(B135,'ERPsCRPs&Spreads'!$B$8:$H$164,7,FALSE),"NA") -> 0.04797926 | F135: =IFERROR(VLOOKUP(B135,'ERPsCRPs&Spreads'!$B$169:$I$189,8,FALSE),"NA") -> NA | G135: =IF(D135<>"NA",D135,IF(E135<>"NA",E135,F135)) -> 0.03636841 | I135: =IFERROR(VLOOKUP(B135,'ERPsCRPs&Spreads'!$B$8:$K$164,9,FALSE),"NA") -> 0.0063552831 | J135: =IFERROR(VLOOKUP(B135,'ERPsCRPs&Spreads'!$B$8:$K$164,6,FALSE),"NA") -> 0.017966133 | K135: =IFERROR(VLOOKUP('CtryERP&CRP'!B135,'ERPsCRPs&Spreads'!$B$169:$I$189,7,FALSE),"NA") -> NA | L135: =IF(I135<>"NA",I135,IF(J135<>"NA",J135,K135)) -> 0.0063552831
... B149: United Kingdom | D149: =IFERROR(VLOOKUP(B149,'ERPsCRPs&Spreads'!$B$8:$K$164,10,FALSE),"NA") -> 0.036065777 | E149: =IFERROR(VLOOKUP(B149,'ERPsCRPs&Spreads'!$B$8:$H$164,7,FALSE),"NA") -> 0.04797926 | F149: =IFERROR(VLOOKUP(B149,'ERPsCRPs&Spreads'!$B$169:$I$189,8,FALSE),"NA") -> NA | G149: =IF(D149<>"NA",D149,IF(E149<>"NA",E149,F149)) -> 0.036065777 | I149: =IFERROR(VLOOKUP(B149,'ERPsCRPs&Spreads'!$B$8:$K$164,9,FALSE),"NA") -> 0.0060526506 | J149: =IFERROR(VLOOKUP(B149,'ERPsCRPs&Spreads'!$B$8:$K$164,6,FALSE),"NA") -> 0.017966133 | K149: =IFERROR(VLOOKUP('CtryERP&CRP'!B149,'ERPsCRPs&Spreads'!$B$169:$I$189,7,FALSE),"NA") -> NA | L149: =IF(I149<>"NA",I149,IF(J149<>"NA",J149,K149)) -> 0.0060526506
B151: North America | D151: ERP (CDS CRP) | E151: ERP (Ratings CRP) | F151: ERP (PRS Score) | G151: ERP (Final) | I151: CRP (CDS) | J151: CRP (Ratings) | K151: CRP (PRS) | L151: CRP (Final)
B152: Canada | D152: =IFERROR(VLOOKUP(B152,'ERPsCRPs&Spreads'!$B$8:$K$164,10,FALSE),"NA") -> 0.036065777 | E152: =IFERROR(VLOOKUP(B152,'ERPsCRPs&Spreads'!$B$8:$H$164,7,FALSE),"NA") -> 0.030013127 | F152: =IFERROR(VLOOKUP(B152,'ERPsCRPs&Spreads'!$B$169:$I$189,8,FALSE),"NA") -> NA | G152: =IF(D152<>"NA",D152,IF(E152<>"NA",E152,F152)) -> 0.036065777 | I152: =IFERROR(VLOOKUP(B152,'ERPsCRPs&Spreads'!$B$8:$K$164,9,FALSE),"NA") -> 0.0060526506 | J152: =IFERROR(VLOOKUP(B152,'ERPsCRPs&Spreads'!$B$8:$K$164,6,FALSE),"NA") -> 0 | K152: =IFERROR(VLOOKUP('CtryERP&CRP'!B152,'ERPsCRPs&Spreads'!$B$169:$I$189,7,FALSE),"NA") -> NA | L152: =IF(I152<>"NA",I152,IF(J152<>"NA",J152,K152)) -> 0.0060526506
B153: United States | D153: =IFERROR(VLOOKUP(B153,'ERPsCRPs&Spreads'!$B$8:$K$164,10,FALSE),"NA") -> 0.04 | E153: =IFERROR(VLOOKUP(B153,'ERPsCRPs&Spreads'!$B$8:$H$164,7,FALSE),"NA") -> 0.041990549 | F153: =IFERROR(VLOOKUP(B153,'ERPsCRPs&Spreads'!$B$169:$I$189,8,FALSE),"NA") -> NA | G153: =IF(D153<>"NA",D153,IF(E153<>"NA",E153,F153)) -> 0.04 | I153: =IFERROR(VLOOKUP(B153,'ERPsCRPs&Spreads'!$B$8:$K$164,9,FALSE),"NA") -> 0.0099868735 | J153: =IFERROR(VLOOKUP(B153,'ERPsCRPs&Spreads'!$B$8:$K$164,6,FALSE),"NA") -> 0.011977422 | K153: =IFERROR(VLOOKUP('CtryERP&CRP'!B153,'ERPsCRPs&Spreads'!$B$169:$I$189,7,FALSE),"NA") -> NA | L153: =IF(I153<>"NA",I153,IF(J153<>"NA",J153,K153)) -> 0.0099868735
B155: Central and South America | D155: ERP (CDS CRP) | E155: ERP (Ratings CRP) | F155: ERP (PRS Score) | G155: ERP (Final) | I155: CRP (CDS) | J155: CRP (Ratings) | K155: CRP (PRS) | L155: CRP (Final)
B156: Argentina | D156: =IFERROR(VLOOKUP(B156,'ERPsCRPs&Spreads'!$B$8:$K$164,10,FALSE),"NA") -> 0.2781718 | E156: =IFERROR(VLOOKUP(B156,'ERPsCRPs&Spreads'!$B$8:$H$164,7,FALSE),"NA") -> 0.38968807 | F156: =IFERROR(VLOOKUP(B156,'ERPsCRPs&Spreads'!$B$169:$I$189,8,FALSE),"NA") -> NA | G156: =IF(D156<>"NA",D156,IF(E156<>"NA",E156,F156)) -> 0.2781718 | I156: =IFERROR(VLOOKUP(B156,'ERPsCRPs&Spreads'!$B$8:$K$164,9,FALSE),"NA") -> 0.24815867 | J156: =IFERROR(VLOOKUP(B156,'ERPsCRPs&Spreads'!$B$8:$K$164,6,FALSE),"NA") -> 0.35967494 | K156: =IFERROR(VLOOKUP('CtryERP&CRP'!B156,'ERPsCRPs&Spreads'!$B$169:$I$189,7,FALSE),"NA") -> NA | L156: =IF(I156<>"NA",I156,IF(J156<>"NA",J156,K156)) -> 0.24815867
B157: Belize | D157: =IFERROR(VLOOKUP(B157,'ERPsCRPs&Spreads'!$B$8:$K$164,10,FALSE),"NA") -> NA | E157: =IFERROR(VLOOKUP(B157,'ERPsCRPs&Spreads'!$B$8:$H$164,7,FALSE),"NA") -> 0.25476593 | F157: =IFERROR(VLOOKUP(B157,'ERPsCRPs&Spreads'!$B$169:$I$189,8,FALSE),"NA") -> NA | G157: =IF(D157<>"NA",D157,IF(E157<>"NA",E157,F157)) -> 0.25476593 | I157: =IFERROR(VLOOKUP(B157,'ERPsCRPs&Spreads'!$B$8:$K$164,9,FALSE),"NA") -> NA | J157: =IFERROR(VLOOKUP(B157,'ERPsCRPs&Spreads'!$B$8:$K$164,6,FALSE),"NA") -> 0.2247528 | K157: =IFERROR(VLOOKUP('CtryERP&CRP'!B157,'ERPsCRPs&Spreads'!$B$169:$I$189,7,FALSE),"NA") -> NA | L157: =IF(I157<>"NA",I157,IF(J157<>"NA",J157,K157)) -> 0.2247528
B158: Bolivia | D158: =IFERROR(VLOOKUP(B158,'ERPsCRPs&Spreads'!$B$8:$K$164,10,FALSE),"NA") -> NA | E158: =IFERROR(VLOOKUP(B158,'ERPsCRPs&Spreads'!$B$8:$H$164,7,FALSE),"NA") -> 0.32980096 | F158: =IFERROR(VLOOKUP(B158,'ERPsCRPs&Spreads'!$B$169:$I$189,8,FALSE),"NA") -> NA | G158: =IF(D158<>"NA",D158,IF(E158<>"NA",E158,F158)) -> 0.32980096 | I158: =IFERROR(VLOOKUP(B158,'ERPsCRPs&Spreads'!$B$8:$K$164,9,FALSE),"NA") -> NA | J158: =IFERROR(VLOOKUP(B158,'ERPsCRPs&Spreads'!$B$8:$K$164,6,FALSE),"NA") -> 0.29978783 | K158: =IFERROR(VLOOKUP('CtryERP&CRP'!B158,'ERPsCRPs&Spreads'!$B$169:$I$189,7,FALSE),"NA") -> NA | L158: =IF(I158<>"NA",I158,IF(J158<>"NA",J158,K158)) -> 0.29978783
B159: Brazil | D159: =IFERROR(VLOOKUP(B159,'ERPsCRPs&Spreads'!$B$8:$K$164,10,FALSE),"NA") -> 0.10203967 | E159: =IFERROR(VLOOKUP(B159,'ERPsCRPs&Spreads'!$B$8:$H$164,7,FALSE),"NA") -> 0.10504815 | F159: =IFERROR(VLOOKUP(B159,'ERPsCRPs&Spreads'!$B$169:$I$189,8,FALSE),"NA") -> NA | G159: =IF(D159<>"NA",D159,IF(E159<>"NA",E159,F159)) -> 0.10203967 | I159: =IFERROR(VLOOKUP(B159,'ERPsCRPs&Spreads'!$B$8:$K$164,9,FALSE),"NA") -> 0.072026542 | J159: =IFERROR(VLOOKUP(B159,'ERPsCRPs&Spreads'!$B$8:$K$164,6,FALSE),"NA") -> 0.075035027 | K159: =IFERROR(VLOOKUP('CtryERP&CRP'!B159,'ERPsCRPs&Spreads'!$B$169:$I$189,7,FALSE),"NA") -> NA | L159: =IF(I159<>"NA",I159,IF(J159<>"NA",J159,K159)) -> 0.072026542
B160: Chile | D160: =IFERROR(VLOOKUP(B160,'ERPsCRPs&Spreads'!$B$8:$K$164,10,FALSE),"NA") -> 0.056342157 | E160: =IFERROR(VLOOKUP(B160,'ERPsCRPs&Spreads'!$B$8:$H$164,7,FALSE),"NA") -> 0.055377079 | F160: =IFERROR(VLOOKUP(B160,'ERPsCRPs&Spreads'!$B$169:$I$189,8,FALSE),"NA") -> NA | G160: =IF(D160<>"NA",D160,IF(E160<>"NA",E160,F160)) -> 0.056342157 | I160: =IFERROR(VLOOKUP(B160,'ERPsCRPs&Spreads'!$B$8:$K$164,9,FALSE),"NA") -> 0.02632903 | J160: =IFERROR(VLOOKUP(B160,'ERPsCRPs&Spreads'!$B$8:$K$164,6,FALSE),"NA") -> 0.025363953 | K160: =IFERROR(VLOOKUP('CtryERP&CRP'!B160,'ERPsCRPs&Spreads'!$B$169:$I$189,7,FALSE),"NA") -> NA | L160: =IF(I160<>"NA",I160,IF(J160<>"NA",J160,K160)) -> 0.02632903
B161: Colombia | D161: =IFERROR(VLOOKUP(B161,'ERPsCRPs&Spreads'!$B$8:$K$164,10,FALSE),"NA") -> 0.13018449 | E161: =IFERROR(VLOOKUP(B161,'ERPsCRPs&Spreads'!$B$8:$H$164,7,FALSE),"NA") -> 0.08708202 | F161: =IFERROR(VLOOKUP(B161,'ERPsCRPs&Spreads'!$B$169:$I$189,8,FALSE),"NA") -> NA | G161: =IF(D161<>"NA",D161,IF(E161<>"NA",E161,F161)) -> 0.13018449 | I161: =IFERROR(VLOOKUP(B161,'ERPsCRPs&Spreads'!$B$8:$K$164,9,FALSE),"NA") -> 0.10017137 | J161: =IFERROR(VLOOKUP(B161,'ERPsCRPs&Spreads'!$B$8:$K$164,6,FALSE),"NA") -> 0.057068894 | K161: =IFERROR(VLOOKUP('CtryERP&CRP'!B161,'ERPsCRPs&Spreads'!$B$169:$I$189,7,FALSE),"NA") -> NA | L161: =IF(I161<>"NA",I161,IF(J161<>"NA",J161,K161)) -> 0.10017137
B162: Costa Rica | D162: =IFERROR(VLOOKUP(B162,'ERPsCRPs&Spreads'!$B$8:$K$164,10,FALSE),"NA") -> 0.10052651 | E162: =IFERROR(VLOOKUP(B162,'ERPsCRPs&Spreads'!$B$8:$H$164,7,FALSE),"NA") -> 0.13780993 | F162: =IFERROR(VLOOKUP(B162,'ERPsCRPs&Spreads'!$B$169:$I$189,8,FALSE),"NA") -> NA | G162: =IF(D162<>"NA",D162,IF(E162<>"NA",E162,F162)) -> 0.10052651 | I162: =IFERROR(VLOOKUP(B162,'ERPsCRPs&Spreads'!$B$8:$K$164,9,FALSE),"NA") -> 0.07051338 | J162: =IFERROR(VLOOKUP(B162,'ERPsCRPs&Spreads'!$B$8:$K$164,6,FALSE),"NA") -> 0.1077968 | K162: =IFERROR(VLOOKUP('CtryERP&CRP'!B162,'ERPsCRPs&Spreads'!$B$169:$I$189,7,FALSE),"NA") -> NA | L162: =IF(I162<>"NA",I162,IF(J162<>"NA",J162,K162)) -> 0.07051338
B163: Ecuador | D163: =IFERROR(VLOOKUP(B163,'ERPsCRPs&Spreads'!$B$8:$K$164,10,FALSE),"NA") -> 0.40073798 | E163: =IFERROR(VLOOKUP(B163,'ERPsCRPs&Spreads'!$B$8:$H$164,7,FALSE),"NA") -> 0.32980096 | F163: =IFERROR(VLOOKUP(B163,'ERPsCRPs&Spreads'!$B$169:$I$189,8,FALSE),"NA") -> NA | G163: =IF(D163<>"NA",D163,IF(E163<>"NA",E163,F163)) -> 0.40073798 | I163: =IFERROR(VLOOKUP(B163,'ERPsCRPs&Spreads'!$B$8:$K$164,9,FALSE),"NA") -> 0.37072485 | J163: =IFERROR(VLOOKUP(B163,'ERPsCRPs&Spreads'!$B$8:$K$164,6,FALSE),"NA") -> 0.29978783 | K163: =IFERROR(VLOOKUP('CtryERP&CRP'!B163,'ERPsCRPs&Spreads'!$B$169:$I$189,7,FALSE),"NA") -> NA | L163: =IF(I163<>"NA",I163,IF(J163<>"NA",J163,K163)) -> 0.37072485
B164: El Salvador | D164: =IFERROR(VLOOKUP(B164,'ERPsCRPs&Spreads'!$B$8:$K$164,10,FALSE),"NA") -> 0.16014511 | E164: =IFERROR(VLOOKUP(B164,'ERPsCRPs&Spreads'!$B$8:$H$164,7,FALSE),"NA") -> 0.22482237 | F164: =IFERROR(VLOOKUP(B164,'ERPsCRPs&Spreads'!$B$169:$I$189,8,FALSE),"NA") -> NA | G164: =IF(D164<>"NA",D164,IF(E164<>"NA",E164,F164)) -> 0.16014511 | I164: =IFERROR(VLOOKUP(B164,'ERPsCRPs&Spreads'!$B$8:$K$164,9,FALSE),"NA") -> 0.13013199 | J164: =IFERROR(VLOOKUP(B164,'ERPsCRPs&Spreads'!$B$8:$K$164,6,FALSE),"NA") -> 0.19480925 | K164: =IFERROR(VLOOKUP('CtryERP&CRP'!B164,'ERPsCRPs&Spreads'!$B$169:$I$189,7,FALSE),"NA") -> NA | L164: =IF(I164<>"NA",I164,IF(J164<>"NA",J164,K164)) -> 0.13013199
B165: Guatemala | D165: =IFERROR(VLOOKUP(B165,'ERPsCRPs&Spreads'!$B$8:$K$164,10,FALSE),"NA") -> 0.091750163 | E165: =IFERROR(VLOOKUP(B165,'ERPsCRPs&Spreads'!$B$8:$H$164,7,FALSE),"NA") -> 0.10504815 | F165: =IFERROR(VLOOKUP(B165,'ERPsCRPs&Spreads'!$B$169:$I$189,8,FALSE),"NA") -> NA | G165: =IF(D165<>"NA",D165,IF(E165<>"NA",E165,F165)) -> 0.091750163 | I165: =IFERROR(VLOOKUP(B165,'ERPsCRPs&Spreads'!$B$8:$K$164,9,FALSE),"NA") -> 0.061737036 | J165: =IFERROR(VLOOKUP(B165,'ERPsCRPs&Spreads'!$B$8:$K$164,6,FALSE),"NA") -> 0.075035027 | K165: =IFERROR(VLOOKUP('CtryERP&CRP'!B165,'ERPsCRPs&Spreads'!$B$169:$I$189,7,FALSE),"NA") -> NA | L165: =IF(I165<>"NA",I165,IF(J165<>"NA",J165,K165)) -> 0.061737036
B166: Guyana | D166: =IFERROR(VLOOKUP(B166,'ERPsCRPs&Spreads'!$B$8:$K$164,10,FALSE),"NA") -> NA | E166: =IFERROR(VLOOKUP(B166,'ERPsCRPs&Spreads'!$B$8:$H$164,7,FALSE),"NA") -> NA | F166: =IFERROR(VLOOKUP(B166,'ERPsCRPs&Spreads'!$B$169:$I$189,8,FALSE),"NA") -> 0.095888948 | G166: =IF(D166<>"NA",D166,IF(E166<>"NA",E166,F166)) -> 0.095888948 | I166: =IFERROR(VLOOKUP(B166,'ERPsCRPs&Spreads'!$B$8:$K$164,9,FALSE),"NA") -> NA | J166: =IFERROR(VLOOKUP(B166,'ERPsCRPs&Spreads'!$B$8:$K$164,6,FALSE),"NA") -> NA | K166: =IFERROR(VLOOKUP('CtryERP&CRP'!B166,'ERPsCRPs&Spreads'!$B$169:$I$189,7,FALSE),"NA") -> 0.065875822 | L166: =IF(I166<>"NA",I166,IF(J166<>"NA",J166,K166)) -> 0.065875822
B167: Honduras | D167: =IFERROR(VLOOKUP(B167,'ERPsCRPs&Spreads'!$B$8:$K$164,10,FALSE),"NA") -> NA | E167: =IFERROR(VLOOKUP(B167,'ERPsCRPs&Spreads'!$B$8:$H$164,7,FALSE),"NA") -> 0.16493526 | F167: =IFERROR(VLOOKUP(B167,'ERPsCRPs&Spreads'!$B$169:$I$189,8,FALSE),"NA") -> NA | G167: =IF(D167<>"NA",D167,IF(E167<>"NA",E167,F167)) -> 0.16493526 | I167: =IFERROR(VLOOKUP(B167,'ERPsCRPs&Spreads'!$B$8:$K$164,9,FALSE),"NA") -> NA | J167: =IFERROR(VLOOKUP(B167,'ERPsCRPs&Spreads'!$B$8:$K$164,6,FALSE),"NA") -> 0.13492214 | K167: =IFERROR(VLOOKUP('CtryERP&CRP'!B167,'ERPsCRPs&Spreads'!$B$169:$I$189,7,FALSE),"NA") -> NA | L167: =IF(I167<>"NA",I167,IF(J167<>"NA",J167,K167)) -> 0.13492214
... B175: Venezuela | D175: =IFERROR(VLOOKUP(B175,'ERPsCRPs&Spreads'!$B$8:$K$164,10,FALSE),"NA") -> NA | E175: =IFERROR(VLOOKUP(B175,'ERPsCRPs&Spreads'!$B$8:$H$164,7,FALSE),"NA") -> 0.55962005 | F175: =IFERROR(VLOOKUP(B175,'ERPsCRPs&Spreads'!$B$169:$I$189,8,FALSE),"NA") -> NA | G175: =IF(D175<>"NA",D175,IF(E175<>"NA",E175,F175)) -> 0.55962005 | I175: =IFERROR(VLOOKUP(B175,'ERPsCRPs&Spreads'!$B$8:$K$164,9,FALSE),"NA") -> NA | J175: =IFERROR(VLOOKUP(B175,'ERPsCRPs&Spreads'!$B$8:$K$164,6,FALSE),"NA") -> 0.52960693 | K175: =IFERROR(VLOOKUP('CtryERP&CRP'!B175,'ERPsCRPs&Spreads'!$B$169:$I$189,7,FALSE),"NA") -> NA | L175: =IF(I175<>"NA",I175,IF(J175<>"NA",J175,K175)) -> 0.52960693
B177: Caribbean | D177: ERP (CDS CRP) | E177: ERP (Ratings CRP) | F177: ERP (PRS Score) | G177: ERP (Final) | I177: CRP (CDS) | J177: CRP (Ratings) | K177: CRP (PRS) | L177: CRP (Final)
B178: Aruba | D178: =IFERROR(VLOOKUP(B178,'ERPsCRPs&Spreads'!$B$8:$K$164,10,FALSE),"NA") -> NA | E178: =IFERROR(VLOOKUP(B178,'ERPsCRPs&Spreads'!$B$8:$H$164,7,FALSE),"NA") -> 0.095888948 | F178: =IFERROR(VLOOKUP(B178,'ERPsCRPs&Spreads'!$B$169:$I$189,8,FALSE),"NA") -> NA | G178: =IF(D178<>"NA",D178,IF(E178<>"NA",E178,F178)) -> 0.095888948 | I178: =IFERROR(VLOOKUP(B178,'ERPsCRPs&Spreads'!$B$8:$K$164,9,FALSE),"NA") -> NA | J178: =IFERROR(VLOOKUP(B178,'ERPsCRPs&Spreads'!$B$8:$K$164,6,FALSE),"NA") -> 0.065875822 | K178: =IFERROR(VLOOKUP('CtryERP&CRP'!B178,'ERPsCRPs&Spreads'!$B$169:$I$189,7,FALSE),"NA") -> NA | L178: =IF(I178<>"NA",I178,IF(J178<>"NA",J178,K178)) -> 0.065875822
B179: Bahamas | D179: =IFERROR(VLOOKUP(B179,'ERPsCRPs&Spreads'!$B$8:$K$164,10,FALSE),"NA") -> NA | E179: =IFERROR(VLOOKUP(B179,'ERPsCRPs&Spreads'!$B$8:$H$164,7,FALSE),"NA") -> 0.16493526 | F179: =IFERROR(VLOOKUP(B179,'ERPsCRPs&Spreads'!$B$169:$I$189,8,FALSE),"NA") -> NA | G179: =IF(D179<>"NA",D179,IF(E179<>"NA",E179,F179)) -> 0.16493526 | I179: =IFERROR(VLOOKUP(B179,'ERPsCRPs&Spreads'!$B$8:$K$164,9,FALSE),"NA") -> NA | J179: =IFERROR(VLOOKUP(B179,'ERPsCRPs&Spreads'!$B$8:$K$164,6,FALSE),"NA") -> 0.13492214 | K179: =IFERROR(VLOOKUP('CtryERP&CRP'!B179,'ERPsCRPs&Spreads'!$B$169:$I$189,7,FALSE),"NA") -> NA | L179: =IF(I179<>"NA",I179,IF(J179<>"NA",J179,K179)) -> 0.13492214
B180: Barbados | D180: =IFERROR(VLOOKUP(B180,'ERPsCRPs&Spreads'!$B$8:$K$164,10,FALSE),"NA") -> NA | E180: =IFERROR(VLOOKUP(B180,'ERPsCRPs&Spreads'!$B$8:$H$164,7,FALSE),"NA") -> 0.22482237 | F180: =IFERROR(VLOOKUP(B180,'ERPsCRPs&Spreads'!$B$169:$I$189,8,FALSE),"NA") -> NA | G180: =IF(D180<>"NA",D180,IF(E180<>"NA",E180,F180)) -> 0.22482237 | I180: =IFERROR(VLOOKUP(B180,'ERPsCRPs&Spreads'!$B$8:$K$164,9,FALSE),"NA") -> NA | J180: =IFERROR(VLOOKUP(B180,'ERPsCRPs&Spreads'!$B$8:$K$164,6,FALSE),"NA") -> 0.19480925 | K180: =IFERROR(VLOOKUP('CtryERP&CRP'!B180,'ERPsCRPs&Spreads'!$B$169:$I$189,7,FALSE),"NA") -> NA | L180: =IF(I180<>"NA",I180,IF(J180<>"NA",J180,K180)) -> 0.19480925
B181: Bermuda | D181: =IFERROR(VLOOKUP(B181,'ERPsCRPs&Spreads'!$B$8:$K$164,10,FALSE),"NA") -> NA | E181: =IFERROR(VLOOKUP(B181,'ERPsCRPs&Spreads'!$B$8:$H$164,7,FALSE),"NA") -> 0.055377079 | F181: =IFERROR(VLOOKUP(B181,'ERPsCRPs&Spreads'!$B$169:$I$189,8,FALSE),"NA") -> NA | G181: =IF(D181<>"NA",D181,IF(E181<>"NA",E181,F181)) -> 0.055377079 | I181: =IFERROR(VLOOKUP(B181,'ERPsCRPs&Spreads'!$B$8:$K$164,9,FALSE),"NA") -> NA | J181: =IFERROR(VLOOKUP(B181,'ERPsCRPs&Spreads'!$B$8:$K$164,6,FALSE),"NA") -> 0.025363953 | K181: =IFERROR(VLOOKUP('CtryERP&CRP'!B181,'ERPsCRPs&Spreads'!$B$169:$I$189,7,FALSE),"NA") -> NA | L181: =IF(I181<>"NA",I181,IF(J181<>"NA",J181,K181)) -> 0.025363953
B182: Cayman Islands | D182: =IFERROR(VLOOKUP(B182,'ERPsCRPs&Spreads'!$B$8:$K$164,10,FALSE),"NA") -> NA | E182: =IFERROR(VLOOKUP(B182,'ERPsCRPs&Spreads'!$B$8:$H$164,7,FALSE),"NA") -> 0.04797926 | F182: =IFERROR(VLOOKUP(B182,'ERPsCRPs&Spreads'!$B$169:$I$189,8,FALSE),"NA") -> NA | G182: =IF(D182<>"NA",D182,IF(E182<>"NA",E182,F182)) -> 0.04797926 | I182: =IFERROR(VLOOKUP(B182,'ERPsCRPs&Spreads'!$B$8:$K$164,9,FALSE),"NA") -> NA | J182: =IFERROR(VLOOKUP(B182,'ERPsCRPs&Spreads'!$B$8:$K$164,6,FALSE),"NA") -> 0.017966133 | K182: =IFERROR(VLOOKUP('CtryERP&CRP'!B182,'ERPsCRPs&Spreads'!$B$169:$I$189,7,FALSE),"NA") -> NA | L182: =IF(I182<>"NA",I182,IF(J182<>"NA",J182,K182)) -> 0.017966133
B183: Cuba | D183: =IFERROR(VLOOKUP(B183,'ERPsCRPs&Spreads'!$B$8:$K$164,10,FALSE),"NA") -> NA | E183: =IFERROR(VLOOKUP(B183,'ERPsCRPs&Spreads'!$B$8:$H$164,7,FALSE),"NA") -> 0.38968807 | F183: =IFERROR(VLOOKUP(B183,'ERPsCRPs&Spreads'!$B$169:$I$189,8,FALSE),"NA") -> NA | G183: =IF(D183<>"NA",D183,IF(E183<>"NA",E183,F183)) -> 0.38968807 | I183: =IFERROR(VLOOKUP(B183,'ERPsCRPs&Spreads'!$B$8:$K$164,9,FALSE),"NA") -> NA | J183: =IFERROR(VLOOKUP(B183,'ERPsCRPs&Spreads'!$B$8:$K$164,6,FALSE),"NA") -> 0.35967494 | K183: =IFERROR(VLOOKUP('CtryERP&CRP'!B183,'ERPsCRPs&Spreads'!$B$169:$I$189,7,FALSE),"NA") -> NA | L183: =IF(I183<>"NA",I183,IF(J183<>"NA",J183,K183)) -> 0.35967494
B184: Curacao | D184: =IFERROR(VLOOKUP(B184,'ERPsCRPs&Spreads'!$B$8:$K$164,10,FALSE),"NA") -> NA | E184: =IFERROR(VLOOKUP(B184,'ERPsCRPs&Spreads'!$B$8:$H$164,7,FALSE),"NA") -> 0.095888948 | F184: =IFERROR(VLOOKUP(B184,'ERPsCRPs&Spreads'!$B$169:$I$189,8,FALSE),"NA") -> NA | G184: =IF(D184<>"NA",D184,IF(E184<>"NA",E184,F184)) -> 0.095888948 | I184: =IFERROR(VLOOKUP(B184,'ERPsCRPs&Spreads'!$B$8:$K$164,9,FALSE),"NA") -> NA | J184: =IFERROR(VLOOKUP(B184,'ERPsCRPs&Spreads'!$B$8:$K$164,6,FALSE),"NA") -> 0.065875822 | K184: =IFERROR(VLOOKUP('CtryERP&CRP'!B184,'ERPsCRPs&Spreads'!$B$169:$I$189,7,FALSE),"NA") -> NA | L184: =IF(I184<>"NA",I184,IF(J184<>"NA",J184,K184)) -> 0.065875822
B185: Dominican Republic | D185: =IFERROR(VLOOKUP(B185,'ERPsCRPs&Spreads'!$B$8:$K$164,10,FALSE),"NA") -> NA | E185: =IFERROR(VLOOKUP(B185,'ERPsCRPs&Spreads'!$B$8:$H$164,7,FALSE),"NA") -> 0.13780993 | F185: =IFERROR(VLOOKUP(B185,'ERPsCRPs&Spreads'!$B$169:$I$189,8,FALSE),"NA") -> NA | G185: =IF(D185<>"NA",D185,IF(E185<>"NA",E185,F185)) -> 0.13780993 | I185: =IFERROR(VLOOKUP(B185,'ERPsCRPs&Spreads'!$B$8:$K$164,9,FALSE),"NA") -> NA | J185: =IFERROR(VLOOKUP(B185,'ERPsCRPs&Spreads'!$B$8:$K$164,6,FALSE),"NA") -> 0.1077968 | K185: =IFERROR(VLOOKUP('CtryERP&CRP'!B185,'ERPsCRPs&Spreads'!$B$169:$I$189,7,FALSE),"NA") -> NA | L185: =IF(I185<>"NA",I185,IF(J185<>"NA",J185,K185)) -> 0.1077968
B186: Haiti | D186: =IFERROR(VLOOKUP(B186,'ERPsCRPs&Spreads'!$B$8:$K$164,10,FALSE),"NA") -> NA | E186: =IFERROR(VLOOKUP(B186,'ERPsCRPs&Spreads'!$B$8:$H$164,7,FALSE),"NA") -> NA | F186: =IFERROR(VLOOKUP(B186,'ERPsCRPs&Spreads'!$B$169:$I$189,8,FALSE),"NA") -> 0.38968807 | G186: =IF(D186<>"NA",D186,IF(E186<>"NA",E186,F186)) -> 0.38968807 | I186: =IFERROR(VLOOKUP(B186,'ERPsCRPs&Spreads'!$B$8:$K$164,9,FALSE),"NA") -> NA | J186: =IFERROR(VLOOKUP(B186,'ERPsCRPs&Spreads'!$B$8:$K$164,6,FALSE),"NA") -> NA | K186: =IFERROR(VLOOKUP('CtryERP&CRP'!B186,'ERPsCRPs&Spreads'!$B$169:$I$189,7,FALSE),"NA") -> 0.35967494 | L186: =IF(I186<>"NA",I186,IF(J186<>"NA",J186,K186)) -> 0.35967494
B187: Jamaica | D187: =IFERROR(VLOOKUP(B187,'ERPsCRPs&Spreads'!$B$8:$K$164,10,FALSE),"NA") -> NA | E187: =IFERROR(VLOOKUP(B187,'ERPsCRPs&Spreads'!$B$8:$H$164,7,FALSE),"NA") -> 0.16493526 | F187: =IFERROR(VLOOKUP(B187,'ERPsCRPs&Spreads'!$B$169:$I$189,8,FALSE),"NA") -> NA | G187: =IF(D187<>"NA",D187,IF(E187<>"NA",E187,F187)) -> 0.16493526 | I187: =IFERROR(VLOOKUP(B187,'ERPsCRPs&Spreads'!$B$8:$K$164,9,FALSE),"NA") -> NA | J187: =IFERROR(VLOOKUP(B187,'ERPsCRPs&Spreads'!$B$8:$K$164,6,FALSE),"NA") -> 0.13492214 | K187: =IFERROR(VLOOKUP('CtryERP&CRP'!B187,'ERPsCRPs&Spreads'!$B$169:$I$189,7,FALSE),"NA") -> NA | L187: =IF(I187<>"NA",I187,IF(J187<>"NA",J187,K187)) -> 0.13492214
B188: Montserrat | D188: =IFERROR(VLOOKUP(B188,'ERPsCRPs&Spreads'!$B$8:$K$164,10,FALSE),"NA") -> NA | E188: =IFERROR(VLOOKUP(B188,'ERPsCRPs&Spreads'!$B$8:$H$164,7,FALSE),"NA") -> 0.095888948 | F188: =IFERROR(VLOOKUP(B188,'ERPsCRPs&Spreads'!$B$169:$I$189,8,FALSE),"NA") -> NA | G188: =IF(D188<>"NA",D188,IF(E188<>"NA",E188,F188)) -> 0.095888948 | I188: =IFERROR(VLOOKUP(B188,'ERPsCRPs&Spreads'!$B$8:$K$164,9,FALSE),"NA") -> NA | J188: =IFERROR(VLOOKUP(B188,'ERPsCRPs&Spreads'!$B$8:$K$164,6,FALSE),"NA") -> 0.065875822 | K188: =IFERROR(VLOOKUP('CtryERP&CRP'!B188,'ERPsCRPs&Spreads'!$B$169:$I$189,7,FALSE),"NA") -> NA | L188: =IF(I188<>"NA",I188,IF(J188<>"NA",J188,K188)) -> 0.065875822
B189: St. Maarten | D189: =IFERROR(VLOOKUP(B189,'ERPsCRPs&Spreads'!$B$8:$K$164,10,FALSE),"NA") -> NA | E189: =IFERROR(VLOOKUP(B189,'ERPsCRPs&Spreads'!$B$8:$H$164,7,FALSE),"NA") -> 0.12019607 | F189: =IFERROR(VLOOKUP(B189,'ERPsCRPs&Spreads'!$B$169:$I$189,8,FALSE),"NA") -> NA | G189: =IF(D189<>"NA",D189,IF(E189<>"NA",E189,F189)) -> 0.12019607 | I189: =IFERROR(VLOOKUP(B189,'ERPsCRPs&Spreads'!$B$8:$K$164,9,FALSE),"NA") -> NA | J189: =IFERROR(VLOOKUP(B189,'ERPsCRPs&Spreads'!$B$8:$K$164,6,FALSE),"NA") -> 0.090182943 | K189: =IFERROR(VLOOKUP('CtryERP&CRP'!B189,'ERPsCRPs&Spreads'!$B$169:$I$189,7,FALSE),"NA") -> NA | L189: =IF(I189<>"NA",I189,IF(J189<>"NA",J189,K189)) -> 0.090182943
...

Sheet RegionalERP
B2: Estimation of Regional Risk Premiums
B4: Regions | C4: GDP | D4: CRP | E4: ERP
B6: =AP21 -> Australia & New Zealand | C6: =AQ25 -> 2017879 | D6: =AR25 -> 0.00054337531 | E6: =AS25 -> 0.030556502
B7: =RegionalERP!AK21 -> Central and South America | C7: =AL42 -> 6563149.6 | D7: =AM42 -> 0.097716976 | E7: =AN42 -> 0.1277301
B8: =AF21 -> Caribbean | C8: =AG37 -> 356923.79 | D8: =AH37 -> 0.19981023 | E8: =AI37 -> 0.22982335
B9: =AA21 -> North America | C9: =AB24 -> 30994593 | D9: =AC24 -> 0.0097020829 | E9: =AD24 -> 0.039715209
B10: =V21 -> Westeren Europe | C10: =W48 -> 23566520 | D10: =X48 -> 0.0146739 | E10: =Y48 -> 0.044687027
B11: =Q21 -> Eastern Europe & Russia | C11: =R49 -> 5665313 | D11: =S49 -> 0.079495036 | E11: =T49 -> 0.10950816
B12: =L21 -> Africa | C12: =M64 -> 2794308.2 | D12: =N64 -> 0.16470493 | E12: =O64 -> 0.19471805
B13: =G21 -> Middle East | C13: =H38 -> 4099199.4 | D13: =I38 -> 0.060828079 | E13: =J38 -> 0.090841206
B14: =B21 -> Asia | C14: =C49 -> 34857584 | D14: =D49 -> 0.022846338 | E14: =E49 -> 0.052859465
B16: World | C16: =SUM(C6:C14) -> 1.1091547e+08 | D16: =SUMPRODUCT(C6:C14,D6:D14)/C16 -> 0.029901912 | E16: =SUMPRODUCT(C6:C14,E6:E14)/C16 -> 0.059915039
B18: Figures in USD mln
B19: GDP of countries with no ERP data are ignored
B21: Asia | C21: GDP | D21: CRP | E21: ERP | G21: Middle East | H21: GDP | I21: CRP | J21: ERP | L21: Africa | M21: GDP | N21: CRP | O21: ERP | Q21: Eastern Europe & Russia | R21: GDP | S21: CRP | T21: ERP | V21: Westeren Europe | W21: GDP | X21: CRP | Y21: ERP | AA21: North America | AB21: GDP | AC21: CRP | AD21: ERP | AF21: Caribbean | AG21: GDP | AH21: CRP | AI21: ERP | AK21: Central and South America | AL21: GDP | AM21: CRP | AN21: ERP | AP21: Australia & New Zealand | AQ21: GDP | AR21: CRP | AS21: ERP
B22: Bangladesh | C22: =VLOOKUP(B22,GDP!$B$7:$C$200,2,FALSE) -> 450119.43 | D22: =VLOOKUP(B22,'CtryERP&CRP'!$B$3:$L$197,11,FALSE) -> 0.16486569 | E22: =VLOOKUP(B22,'CtryERP&CRP'!$B$3:$L$197,6,FALSE) -> 0.19487882 | G22: Abu Dhabi | H22: =VLOOKUP(G22,GDP!$B$7:$C$200,2,FALSE) -> 308000 | I22: =VLOOKUP(G22,'CtryERP&CRP'!$B$3:$L$197,11,FALSE) -> 0.015434259 | J22: =VLOOKUP(G22,'CtryERP&CRP'!$B$3:$L$197,6,FALSE) -> 0.045447386 | L22: Algeria | M22: =VLOOKUP(L22,GDP!$B$7:$C$200,2,FALSE) -> 269322.28 | N22: =VLOOKUP(L22,'CtryERP&CRP'!$B$3:$L$197,11,FALSE) -> 0.090182943 | O22: =VLOOKUP(L22,'CtryERP&CRP'!$B$3:$L$197,6,FALSE) -> 0.12019607 | Q22: Albania | R22: =VLOOKUP(Q22,GDP!$B$7:$C$200,2,FALSE) -> 27046.43 | S22: =VLOOKUP(Q22,'CtryERP&CRP'!$B$3:$L$197,11,FALSE) -> 0.1077968 | T22: =VLOOKUP(Q22,'CtryERP&CRP'!$B$3:$L$197,6,FALSE) -> 0.13780993 | V22: Andorra (Principality of) | W22: =VLOOKUP(V22,GDP!$B$7:$C$200,2,FALSE) -> 4039.84 | X22: =VLOOKUP(V22,'CtryERP&CRP'!$B$3:$L$197,11,FALSE) -> 0.047909689 | Y22: =VLOOKUP(V22,'CtryERP&CRP'!$B$3:$L$197,6,FALSE) -> 0.077922815 | AA22: Canada | AB22: =VLOOKUP(AA22,GDP!$B$7:$C$200,2,FALSE) -> 2243636.8 | AC22: =VLOOKUP(AA22,'CtryERP&CRP'!$B$3:$L$197,11,FALSE) -> 0.0060526506 | AD22: =VLOOKUP(AA22,'CtryERP&CRP'!$B$3:$L$197,6,FALSE) -> 0.036065777 | AF22: Aruba | AG22: =VLOOKUP(AF22,GDP!$B$7:$C$200,2,FALSE) -> 4265.65 | AH22: =VLOOKUP(AF22,'CtryERP&CRP'!$B$3:$L$197,11,FALSE) -> 0.065875822 | AI22: =VLOOKUP(AF22,'CtryERP&CRP'!$B$3:$L$197,6,FALSE) -> 0.095888948 | AK22: Argentina | AL22: =VLOOKUP(AK22,GDP!$B$7:$C$200,2,FALSE) -> 638365.46 | AM22: =VLOOKUP(AK22,'CtryERP&CRP'!$B$3:$L$197,11,FALSE) -> 0.24815867 | AN22: =VLOOKUP(AK22,'CtryERP&CRP'!$B$3:$L$197,6,FALSE) -> 0.2781718 | AP22: Australia | AQ22: =VLOOKUP(AP22,GDP!$B$7:$C$200,2,FALSE) -> 1757022.4 | AR22: =VLOOKUP(AP22,'CtryERP&CRP'!$B$3:$L$197,11,FALSE) -> 0.00030263253 | AS22: =VLOOKUP(AP22,'CtryERP&CRP'!$B$3:$L$197,6,FALSE) -> 0.030315759
B23: Brunei | C23: =VLOOKUP(B23,GDP!$B$7:$C$200,2,FALSE) -> 15340.81 | D23: =VLOOKUP(B23,'CtryERP&CRP'!$B$3:$L$197,11,FALSE) -> 0.017966133 | E23: =VLOOKUP(B23,'CtryERP&CRP'!$B$3:$L$197,6,FALSE) -> 0.04797926 | G23: Bahrain | H23: =VLOOKUP(G23,GDP!$B$7:$C$200,2,FALSE) -> 47109.73 | I23: =VLOOKUP(G23,'CtryERP&CRP'!$B$3:$L$197,11,FALSE) -> 0.079289723 | J23: =VLOOKUP(G23,'CtryERP&CRP'!$B$3:$L$197,6,FALSE) -> 0.10930285 | L23: Angola | M23: =VLOOKUP(L23,GDP!$B$7:$C$200,2,FALSE) -> 100998.92 | N23: =VLOOKUP(L23,'CtryERP&CRP'!$B$3:$L$197,11,FALSE) -> 0.21154014 | O23: =VLOOKUP(L23,'CtryERP&CRP'!$B$3:$L$197,6,FALSE) -> 0.24155327 | Q23: Armenia | R23: =VLOOKUP(Q23,GDP!$B$7:$C$200,2,FALSE) -> 25955.28 | S23: =VLOOKUP(Q23,'CtryERP&CRP'!$B$3:$L$197,11,FALSE) -> 0.1077968 | T23: =VLOOKUP(Q23,'CtryERP&CRP'!$B$3:$L$197,6,FALSE) -> 0.13780993 | V23: Austria | W23: =VLOOKUP(V23,GDP!$B$7:$C$200,2,FALSE) -> 534790.72 | X23: =VLOOKUP(V23,'CtryERP&CRP'!$B$3:$L$197,11,FALSE) -> 0.004539488 | Y23: =VLOOKUP(V23,'CtryERP&CRP'!$B$3:$L$197,6,FALSE) -> 0.034552614 | AA23: United States | AB23: =VLOOKUP(AA23,GDP!$B$7:$C$200,2,FALSE) -> 28750956 | AC23: =VLOOKUP(AA23,'CtryERP&CRP'!$B$3:$L$197,11,FALSE) -> 0.0099868735 | AD23: =VLOOKUP(AA23,'CtryERP&CRP'!$B$3:$L$197,6,FALSE) -> 0.04 | AF23: Bahamas | AG23: =VLOOKUP(AF23,GDP!$B$7:$C$200,2,FALSE) -> 15832.8 | AH23: =VLOOKUP(AF23,'CtryERP&CRP'!$B$3:$L$197,11,FALSE) -> 0.13492214 | AI23: =VLOOKUP(AF23,'CtryERP&CRP'!$B$3:$L$197,6,FALSE) -> 0.16493526 | AK23: Belize | AL23: =VLOOKUP(AK23,GDP!$B$7:$C$200,2,FALSE) -> 3203.63 | AM23: =VLOOKUP(AK23,'CtryERP&CRP'!$B$3:$L$197,11,FALSE) -> 0.2247528 | AN23: =VLOOKUP(AK23,'CtryERP&CRP'!$B$3:$L$197,6,FALSE) -> 0.25476593 | AP23: Cook Islands | AQ23: =VLOOKUP(AP23,GDP!$B$7:$C$200,2,FALSE) -> 684.2 | AR23: =VLOOKUP(AP23,'CtryERP&CRP'!$B$3:$L$197,11,FALSE) -> 0.13492214 | AS23: =VLOOKUP(AP23,'CtryERP&CRP'!$B$3:$L$197,6,FALSE) -> 0.16493526
B24: Cambodia | C24: =VLOOKUP(B24,GDP!$B$7:$C$200,2,FALSE) -> 46352.65 | D24: =VLOOKUP(B24,'CtryERP&CRP'!$B$3:$L$197,11,FALSE) -> 0.16486569 | E24: =VLOOKUP(B24,'CtryERP&CRP'!$B$3:$L$197,6,FALSE) -> 0.19487882 | G24: Iran | H24: =VLOOKUP(G24,GDP!$B$7:$C$200,2,FALSE) -> 475252.09 | I24: =VLOOKUP(G24,'CtryERP&CRP'!$B$3:$L$197,11,FALSE) -> 0.19480925 | J24: =VLOOKUP(G24,'CtryERP&CRP'!$B$3:$L$197,6,FALSE) -> 0.22482237 | L24: Benin | M24: =VLOOKUP(L24,GDP!$B$7:$C$200,2,FALSE) -> 21482.64 | N24: =VLOOKUP(L24,'CtryERP&CRP'!$B$3:$L$197,11,FALSE) -> 0.13492214 | O24: =VLOOKUP(L24,'CtryERP&CRP'!$B$3:$L$197,6,FALSE) -> 0.16493526 | Q24: Azerbaijan | R24: =VLOOKUP(Q24,GDP!$B$7:$C$200,2,FALSE) -> 74315.88 | S24: =VLOOKUP(Q24,'CtryERP&CRP'!$B$3:$L$197,11,FALSE) -> 0.075035027 | T24: =VLOOKUP(Q24,'CtryERP&CRP'!$B$3:$L$197,6,FALSE) -> 0.10504815 | V24: Belgium | W24: =VLOOKUP(V24,GDP!$B$7:$C$200,2,FALSE) -> 671370.08 | X24: =VLOOKUP(V24,'CtryERP&CRP'!$B$3:$L$197,11,FALSE) -> 0.0099868735 | Y24: =VLOOKUP(V24,'CtryERP&CRP'!$B$3:$L$197,6,FALSE) -> 0.04 | AA24: =AA21 -> North America | AB24: =SUM(AB22:AB23) -> 30994593 | AC24: =SUMPRODUCT(AC22:AC23,AB22:AB23)/AB24 -> 0.0097020829 | AD24: =SUMPRODUCT(AD22:AD23,AB22:AB23)/AB24 -> 0.039715209 | AF24: Barbados | AG24: =VLOOKUP(AF24,GDP!$B$7:$C$200,2,FALSE) -> 7498.05 | AH24: =VLOOKUP(AF24,'CtryERP&CRP'!$B$3:$L$197,11,FALSE) -> 0.19480925 | AI24: =VLOOKUP(AF24,'CtryERP&CRP'!$B$3:$L$197,6,FALSE) -> 0.22482237 | AK24: Bolivia | AL24: =VLOOKUP(AK24,GDP!$B$7:$C$200,2,FALSE) -> 54881.33 | AM24: =VLOOKUP(AK24,'CtryERP&CRP'!$B$3:$L$197,11,FALSE) -> 0.29978783 | AN24: =VLOOKUP(AK24,'CtryERP&CRP'!$B$3:$L$197,6,FALSE) -> 0.32980096 | AP24: New Zealand | AQ24: =VLOOKUP(AP24,GDP!$B$7:$C$200,2,FALSE) -> 260172.39 | AR24: =VLOOKUP(AP24,'CtryERP&CRP'!$B$3:$L$197,11,FALSE) -> 0.0018157952 | AS24: =VLOOKUP(AP24,'CtryERP&CRP'!$B$3:$L$197,6,FALSE) -> 0.031828922
B25: China | C25: =VLOOKUP(B25,GDP!$B$7:$C$200,2,FALSE) -> 18743803 | D25: =VLOOKUP(B25,'CtryERP&CRP'!$B$3:$L$197,11,FALSE) -> 0.017552687 | E25: =VLOOKUP(B25,'CtryERP&CRP'!$B$3:$L$197,6,FALSE) -> 0.047565813 | G25: Iraq | H25: =VLOOKUP(G25,GDP!$B$7:$C$200,2,FALSE) -> 279641.26 | I25: =VLOOKUP(G25,'CtryERP&CRP'!$B$3:$L$197,11,FALSE) -> 0.11742142 | J25: =VLOOKUP(G25,'CtryERP&CRP'!$B$3:$L$197,6,FALSE) -> 0.14743455 | L25: Botswana | M25: =VLOOKUP(L25,GDP!$B$7:$C$200,2,FALSE) -> 19402.06 | N25: =VLOOKUP(L25,'CtryERP&CRP'!$B$3:$L$197,11,FALSE) -> 0.035932266 | O25: =VLOOKUP(L25,'CtryERP&CRP'!$B$3:$L$197,6,FALSE) -> 0.065945393 | Q25: Belarus | R25: =VLOOKUP(Q25,GDP!$B$7:$C$200,2,FALSE) -> 75961.87 | S25: =VLOOKUP(Q25,'CtryERP&CRP'!$B$3:$L$197,11,FALSE) -> 0.52960693 | T25: =VLOOKUP(Q25,'CtryERP&CRP'!$B$3:$L$197,6,FALSE) -> 0.55962005 | V25: Cyprus | W25: =VLOOKUP(V25,GDP!$B$7:$C$200,2,FALSE) -> 37634.53 | X25: =VLOOKUP(V25,'CtryERP&CRP'!$B$3:$L$197,11,FALSE) -> 0.019671114 | Y25: =VLOOKUP(V25,'CtryERP&CRP'!$B$3:$L$197,6,FALSE) -> 0.049684241 | AF25: Bermuda | AG25: =VLOOKUP(AF25,GDP!$B$7:$C$200,2,FALSE) -> 9233.6 | AH25: =VLOOKUP(AF25,'CtryERP&CRP'!$B$3:$L$197,11,FALSE) -> 0.025363953 | AI25: =VLOOKUP(AF25,'CtryERP&CRP'!$B$3:$L$197,6,FALSE) -> 0.055377079 | AK25: Brazil | AL25: =VLOOKUP(AK25,GDP!$B$7:$C$200,2,FALSE) -> 2185821.6 | AM25: =VLOOKUP(AK25,'CtryERP&CRP'!$B$3:$L$197,11,FALSE) -> 0.072026542 | AN25: =VLOOKUP(AK25,'CtryERP&CRP'!$B$3:$L$197,6,FALSE) -> 0.10203967 | AP25: =AP21 -> Australia & New Zealand | AQ25: =SUM(AQ22:AQ24) -> 2017879 | AR25: =SUMPRODUCT(AR22:AR24,AQ22:AQ24)/AQ25 -> 0.00054337531 | AS25: =SUMPRODUCT(AS22:AS24,AQ22:AQ24)/AQ25 -> 0.030556502
B26: Fiji | C26: =VLOOKUP(B26,GDP!$B$7:$C$200,2,FALSE) -> 5968.13 | D26: =VLOOKUP(B26,'CtryERP&CRP'!$B$3:$L$197,11,FALSE) -> 0.13492214 | E26: =VLOOKUP(B26,'CtryERP&CRP'!$B$3:$L$197,6,FALSE) -> 0.16493526 | G26: Israel | H26: =VLOOKUP(G26,GDP!$B$7:$C$200,2,FALSE) -> 540379.92 | I26: =VLOOKUP(G26,'CtryERP&CRP'!$B$3:$L$197,11,FALSE) -> 0.036921169 | J26: =VLOOKUP(G26,'CtryERP&CRP'!$B$3:$L$197,6,FALSE) -> 0.066934295 | L26: Burkina Faso | M26: =VLOOKUP(L26,GDP!$B$7:$C$200,2,FALSE) -> 23124.73 | N26: =VLOOKUP(L26,'CtryERP&CRP'!$B$3:$L$197,11,FALSE) -> 0.2247528 | O26: =VLOOKUP(L26,'CtryERP&CRP'!$B$3:$L$197,6,FALSE) -> 0.25476593 | Q26: Bosnia and Herzegovina | R26: =VLOOKUP(Q26,GDP!$B$7:$C$200,2,FALSE) -> 29613.57 | S26: =VLOOKUP(Q26,'CtryERP&CRP'!$B$3:$L$197,11,FALSE) -> 0.19480925 | T26: =VLOOKUP(Q26,'CtryERP&CRP'!$B$3:$L$197,6,FALSE) -> 0.22482237 | V26: Denmark | W26: =VLOOKUP(V26,GDP!$B$7:$C$200,2,FALSE) -> 424524.72 | X26: =VLOOKUP(V26,'CtryERP&CRP'!$B$3:$L$197,11,FALSE) -> 0.0012105301 | Y26: =VLOOKUP(V26,'CtryERP&CRP'!$B$3:$L$197,6,FALSE) -> 0.031223657 | AF26: Cayman Islands | AG26: =VLOOKUP(AF26,GDP!$B$7:$C$200,2,FALSE) -> 7241.24 | AH26: =VLOOKUP(AF26,'CtryERP&CRP'!$B$3:$L$197,11,FALSE) -> 0.017966133 | AI26: =VLOOKUP(AF26,'CtryERP&CRP'!$B$3:$L$197,6,FALSE) -> 0.04797926 | AK26: Chile | AL26: =VLOOKUP(AK26,GDP!$B$7:$C$200,2,FALSE) -> 330267.14 | AM26: =VLOOKUP(AK26,'CtryERP&CRP'!$B$3:$L$197,11,FALSE) -> 0.02632903 | AN26: =VLOOKUP(AK26,'CtryERP&CRP'!$B$3:$L$197,6,FALSE) -> 0.056342157
B27: Hong Kong | C27: =VLOOKUP(B27,GDP!$B$7:$C$200,2,FALSE) -> 406863.4 | D27: =VLOOKUP(B27,'CtryERP&CRP'!$B$3:$L$197,11,FALSE) -> 0.012710566 | E27: =VLOOKUP(B27,'CtryERP&CRP'!$B$3:$L$197,6,FALSE) -> 0.042723693 | G27: Jordan | H27: =VLOOKUP(G27,GDP!$B$7:$C$200,2,FALSE) -> 53352.29 | I27: =VLOOKUP(G27,'CtryERP&CRP'!$B$3:$L$197,11,FALSE) -> 0.1077968 | J27: =VLOOKUP(G27,'CtryERP&CRP'!$B$3:$L$197,6,FALSE) -> 0.13780993 | L27: Cameroon | M27: =VLOOKUP(L27,GDP!$B$7:$C$200,2,FALSE) -> 53296.69 | N27: =VLOOKUP(L27,'CtryERP&CRP'!$B$3:$L$197,11,FALSE) -> 0.23786917 | O27: =VLOOKUP(L27,'CtryERP&CRP'!$B$3:$L$197,6,FALSE) -> 0.2678823 | Q27: Bulgaria | R27: =VLOOKUP(Q27,GDP!$B$7:$C$200,2,FALSE) -> 113343.36 | S27: =VLOOKUP(Q27,'CtryERP&CRP'!$B$3:$L$197,11,FALSE) -> 0.02875009 | T27: =VLOOKUP(Q27,'CtryERP&CRP'!$B$3:$L$197,6,FALSE) -> 0.058763217 | V27: Finland | W27: =VLOOKUP(V27,GDP!$B$7:$C$200,2,FALSE) -> 298696.96 | X27: =VLOOKUP(V27,'CtryERP&CRP'!$B$3:$L$197,11,FALSE) -> 0.004539488 | Y27: =VLOOKUP(V27,'CtryERP&CRP'!$B$3:$L$197,6,FALSE) -> 0.034552614 | AF27: Cuba | AG27: =VLOOKUP(AF27,GDP!$B$7:$C$200,2,FALSE) -> 107352 | AH27: =VLOOKUP(AF27,'CtryERP&CRP'!$B$3:$L$197,11,FALSE) -> 0.35967494 | AI27: =VLOOKUP(AF27,'CtryERP&CRP'!$B$3:$L$197,6,FALSE) -> 0.38968807 | AK27: Colombia | AL27: =VLOOKUP(AK27,GDP!$B$7:$C$200,2,FALSE) -> 418818.15 | AM27: =VLOOKUP(AK27,'CtryERP&CRP'!$B$3:$L$197,11,FALSE) -> 0.10017137 | AN27: =VLOOKUP(AK27,'CtryERP&CRP'!$B$3:$L$197,6,FALSE) -> 0.13018449
B28: India | C28: =VLOOKUP(B28,GDP!$B$7:$C$200,2,FALSE) -> 3909891.5 | D28: =VLOOKUP(B28,'CtryERP&CRP'!$B$3:$L$197,11,FALSE) -> 0.02027638 | E28: =VLOOKUP(B28,'CtryERP&CRP'!$B$3:$L$197,6,FALSE) -> 0.050289506 | G28: Kuwait | H28: =VLOOKUP(G28,GDP!$B$7:$C$200,2,FALSE) -> 160227.27 | I28: =VLOOKUP(G28,'CtryERP&CRP'!$B$3:$L$197,11,FALSE) -> 0.021184277 | J28: =VLOOKUP(G28,'CtryERP&CRP'!$B$3:$L$197,6,FALSE) -> 0.051197404 | L28: Cape Verde | M28: =VLOOKUP(L28,GDP!$B$7:$C$200,2,FALSE) -> 2725.41 | N28: =VLOOKUP(L28,'CtryERP&CRP'!$B$3:$L$197,11,FALSE) -> 0.16486569 | O28: =VLOOKUP(L28,'CtryERP&CRP'!$B$3:$L$197,6,FALSE) -> 0.19487882 | Q28: Croatia | R28: =VLOOKUP(Q28,GDP!$B$7:$C$200,2,FALSE) -> 92983.81 | S28: =VLOOKUP(Q28,'CtryERP&CRP'!$B$3:$L$197,11,FALSE) -> 0.032381681 | T28: =VLOOKUP(Q28,'CtryERP&CRP'!$B$3:$L$197,6,FALSE) -> 0.062394807 | V28: France | W28: =VLOOKUP(V28,GDP!$B$7:$C$200,2,FALSE) -> 3160442.6 | X28: =VLOOKUP(V28,'CtryERP&CRP'!$B$3:$L$197,11,FALSE) -> 0.015434259 | Y28: =VLOOKUP(V28,'CtryERP&CRP'!$B$3:$L$197,6,FALSE) -> 0.045447386 | AF28: Curacao | AG28: =VLOOKUP(AF28,GDP!$B$7:$C$200,2,FALSE) -> 3561.18 | AH28: =VLOOKUP(AF28,'CtryERP&CRP'!$B$3:$L$197,11,FALSE) -> 0.065875822 | AI28: =VLOOKUP(AF28,'CtryERP&CRP'!$B$3:$L$197,6,FALSE) -> 0.095888948 | AK28: Costa Rica | AL28: =VLOOKUP(AK28,GDP!$B$7:$C$200,2,FALSE) -> 95350.42 | AM28: =VLOOKUP(AK28,'CtryERP&CRP'!$B$3:$L$197,11,FALSE) -> 0.07051338 | AN28: =VLOOKUP(AK28,'CtryERP&CRP'!$B$3:$L$197,6,FALSE) -> 0.10052651
B29: Indonesia | C29: =VLOOKUP(B29,GDP!$B$7:$C$200,2,FALSE) -> 1396300.1 | D29: =VLOOKUP(B29,'CtryERP&CRP'!$B$3:$L$197,11,FALSE) -> 0.035408006 | E29: =VLOOKUP(B29,'CtryERP&CRP'!$B$3:$L$197,6,FALSE) -> 0.065421133 | G29: Lebanon | H29: =VLOOKUP(G29,GDP!$B$7:$C$200,2,FALSE) -> 20078.62 | I29: =VLOOKUP(G29,'CtryERP&CRP'!$B$3:$L$197,11,FALSE) -> 0.52960693 | J29: =VLOOKUP(G29,'CtryERP&CRP'!$B$3:$L$197,6,FALSE) -> 0.55962005 | L29: Congo (Democratic Republic of) | M29: =VLOOKUP(L29,GDP!$B$7:$C$200,2,FALSE) -> 70962.19 | N29: =VLOOKUP(L29,'CtryERP&CRP'!$B$3:$L$197,11,FALSE) -> 0.19480925 | O29: =VLOOKUP(L29,'CtryERP&CRP'!$B$3:$L$197,6,FALSE) -> 0.22482237 | Q29: Czech Republic | R29: =VLOOKUP(Q29,GDP!$B$7:$C$200,2,FALSE) -> 347034.06 | S29: =VLOOKUP(Q29,'CtryERP&CRP'!$B$3:$L$197,11,FALSE) -> 0.011197404 | T29: =VLOOKUP(Q29,'CtryERP&CRP'!$B$3:$L$197,6,FALSE) -> 0.04121053 | V29: Germany | W29: =VLOOKUP(V29,GDP!$B$7:$C$200,2,FALSE) -> 4685592.6 | X29: =VLOOKUP(V29,'CtryERP&CRP'!$B$3:$L$197,11,FALSE) -> 0.0021184277 | Y29: =VLOOKUP(V29,'CtryERP&CRP'!$B$3:$L$197,6,FALSE) -> 0.032131554 | AF29: Dominican Republic | AG29: =VLOOKUP(AF29,GDP!$B$7:$C$200,2,FALSE) -> 124282.25 | AH29: =VLOOKUP(AF29,'CtryERP&CRP'!$B$3:$L$197,11,FALSE) -> 0.1077968 | AI29: =VLOOKUP(AF29,'CtryERP&CRP'!$B$3:$L$197,6,FALSE) -> 0.13780993 | AK29: Ecuador | AL29: =VLOOKUP(AK29,GDP!$B$7:$C$200,2,FALSE) -> 124676.07 | AM29: =VLOOKUP(AK29,'CtryERP&CRP'!$B$3:$L$197,11,FALSE) -> 0.37072485 | AN29: =VLOOKUP(AK29,'CtryERP&CRP'!$B$3:$L$197,6,FALSE) -> 0.40073798
B30: Japan | C30: =VLOOKUP(B30,GDP!$B$7:$C$200,2,FALSE) -> 4027597.5 | D30: =VLOOKUP(B30,'CtryERP&CRP'!$B$3:$L$197,11,FALSE) -> 0.0057500181 | E30: =VLOOKUP(B30,'CtryERP&CRP'!$B$3:$L$197,6,FALSE) -> 0.035763145 | G30: Oman | H30: =VLOOKUP(G30,GDP!$B$7:$C$200,2,FALSE) -> 107137.2 | I30: =VLOOKUP(G30,'CtryERP&CRP'!$B$3:$L$197,11,FALSE) -> 0.045092247 | J30: =VLOOKUP(G30,'CtryERP&CRP'!$B$3:$L$197,6,FALSE) -> 0.075105373 | L30: Congo (Republic of) | M30: =VLOOKUP(L30,GDP!$B$7:$C$200,2,FALSE) -> 15719.99 | N30: =VLOOKUP(L30,'CtryERP&CRP'!$B$3:$L$197,11,FALSE) -> 0.26984428 | O30: =VLOOKUP(L30,'CtryERP&CRP'!$B$3:$L$197,6,FALSE) -> 0.2998574 | Q30: Estonia | R30: =VLOOKUP(Q30,GDP!$B$7:$C$200,2,FALSE) -> 43130.42 | S30: =VLOOKUP(Q30,'CtryERP&CRP'!$B$3:$L$197,11,FALSE) -> 0.023000072 | T30: =VLOOKUP(Q30,'CtryERP&CRP'!$B$3:$L$197,6,FALSE) -> 0.053013199 | V30: Greece | W30: =VLOOKUP(V30,GDP!$B$7:$C$200,2,FALSE) -> 256238.37 | X30: =VLOOKUP(V30,'CtryERP&CRP'!$B$3:$L$197,11,FALSE) -> 0.02632903 | Y30: =VLOOKUP(V30,'CtryERP&CRP'!$B$3:$L$197,6,FALSE) -> 0.056342157 | AF30: Haiti | AG30: =VLOOKUP(AF30,GDP!$B$7:$C$200,2,FALSE) -> 25224.15 | AH30: =VLOOKUP(AF30,'CtryERP&CRP'!$B$3:$L$197,11,FALSE) -> 0.35967494 | AI30: =VLOOKUP(AF30,'CtryERP&CRP'!$B$3:$L$197,6,FALSE) -> 0.38968807 | AK30: El Salvador | AL30: =VLOOKUP(AK30,GDP!$B$7:$C$200,2,FALSE) -> 35364.96 | AM30: =VLOOKUP(AK30,'CtryERP&CRP'!$B$3:$L$197,11,FALSE) -> 0.13013199 | AN30: =VLOOKUP(AK30,'CtryERP&CRP'!$B$3:$L$197,6,FALSE) -> 0.16014511
B31: Korea | C31: =VLOOKUP(B31,GDP!$B$7:$C$200,2,FALSE) -> 1875388.2 | D31: =VLOOKUP(B31,'CtryERP&CRP'!$B$3:$L$197,11,FALSE) -> 0.0060526506 | E31: =VLOOKUP(B31,'CtryERP&CRP'!$B$3:$L$197,6,FALSE) -> 0.036065777 | G31: Qatar | H31: =VLOOKUP(G31,GDP!$B$7:$C$200,2,FALSE) -> 219162.64 | I31: =VLOOKUP(G31,'CtryERP&CRP'!$B$3:$L$197,11,FALSE) -> 0.015434259 | J31: =VLOOKUP(G31,'CtryERP&CRP'!$B$3:$L$197,6,FALSE) -> 0.045447386 | L31: Côte d'Ivoire | M31: =VLOOKUP(L31,GDP!$B$7:$C$200,2,FALSE) -> 87113.18 | N31: =VLOOKUP(L31,'CtryERP&CRP'!$B$3:$L$197,11,FALSE) -> 0.090182943 | O31: =VLOOKUP(L31,'CtryERP&CRP'!$B$3:$L$197,6,FALSE) -> 0.12019607 | Q31: Georgia | R31: =VLOOKUP(Q31,GDP!$B$7:$C$200,2,FALSE) -> 34189.42 | S31: =VLOOKUP(Q31,'CtryERP&CRP'!$B$3:$L$197,11,FALSE) -> 0.090182943 | T31: =VLOOKUP(Q31,'CtryERP&CRP'!$B$3:$L$197,6,FALSE) -> 0.12019607 | V31: Guernsey (States of) | W31: =VLOOKUP(V31,GDP!$B$7:$C$200,2,FALSE) -> 4430 | X31: =VLOOKUP(V31,'CtryERP&CRP'!$B$3:$L$197,11,FALSE) -> 0.021136627 | Y31: =VLOOKUP(V31,'CtryERP&CRP'!$B$3:$L$197,6,FALSE) -> 0.051149754 | AF31: Jamaica | AG31: =VLOOKUP(AF31,GDP!$B$7:$C$200,2,FALSE) -> 22014.4 | AH31: =VLOOKUP(AF31,'CtryERP&CRP'!$B$3:$L$197,11,FALSE) -> 0.13492214 | AI31: =VLOOKUP(AF31,'CtryERP&CRP'!$B$3:$L$197,6,FALSE) -> 0.16493526 | AK31: Guatemala | AL31: =VLOOKUP(AK31,GDP!$B$7:$C$200,2,FALSE) -> 113199.58 | AM31: =VLOOKUP(AK31,'CtryERP&CRP'!$B$3:$L$197,11,FALSE) -> 0.061737036 | AN31: =VLOOKUP(AK31,'CtryERP&CRP'!$B$3:$L$197,6,FALSE) -> 0.091750163
B32: Korea, D.P.R. | C32: =VLOOKUP(B32,GDP!$B$7:$C$200,2,FALSE) -> 26600 | D32: =VLOOKUP(B32,'CtryERP&CRP'!$B$3:$L$197,11,FALSE) -> 0.35967494 | E32: =VLOOKUP(B32,'CtryERP&CRP'!$B$3:$L$197,6,FALSE) -> 0.38968807 | G32: Ras Al Khaimah (Emirate of) | H32: =VLOOKUP(G32,GDP!$B$7:$C$200,2,FALSE) -> 12000 | I32: =VLOOKUP(G32,'CtryERP&CRP'!$B$3:$L$197,11,FALSE) -> 0.035932266 | J32: =VLOOKUP(G32,'CtryERP&CRP'!$B$3:$L$197,6,FALSE) -> 0.065945393 | L32: Egypt | M32: =VLOOKUP(L32,GDP!$B$7:$C$200,2,FALSE) -> 389059.91 | N32: =VLOOKUP(L32,'CtryERP&CRP'!$B$3:$L$197,11,FALSE) -> 0.19489535 | O32: =VLOOKUP(L32,'CtryERP&CRP'!$B$3:$L$197,6,FALSE) -> 0.22490848 | Q32: Hungary | R32: =VLOOKUP(Q32,GDP!$B$7:$C$200,2,FALSE) -> 222722.74 | S32: =VLOOKUP(Q32,'CtryERP&CRP'!$B$3:$L$197,11,FALSE) -> 0.050237 | T32: =VLOOKUP(Q32,'CtryERP&CRP'!$B$3:$L$197,6,FALSE) -> 0.080250126 | V32: Iceland | W32: =VLOOKUP(V32,GDP!$B$7:$C$200,2,FALSE) -> 33255.18 | X32: =VLOOKUP(V32,'CtryERP&CRP'!$B$3:$L$197,11,FALSE) -> 0.0090789759 | Y32: =VLOOKUP(V32,'CtryERP&CRP'!$B$3:$L$197,6,FALSE) -> 0.039092102 | AF32: Montserrat | AG32: =VLOOKUP(AF32,GDP!$B$7:$C$200,2,FALSE) -> 84.5 | AH32: =VLOOKUP(AF32,'CtryERP&CRP'!$B$3:$L$197,11,FALSE) -> 0.065875822 | AI32: =VLOOKUP(AF32,'CtryERP&CRP'!$B$3:$L$197,6,FALSE) -> 0.095888948 | AK32: Guyana | AL32: =VLOOKUP(AK32,GDP!$B$7:$C$200,2,FALSE) -> 24662.71 | AM32: =VLOOKUP(AK32,'CtryERP&CRP'!$B$3:$L$197,11,FALSE) -> 0.065875822 | AN32: =VLOOKUP(AK32,'CtryERP&CRP'!$B$3:$L$197,6,FALSE) -> 0.095888948
B33: Laos | C33: =VLOOKUP(B33,GDP!$B$7:$C$200,2,FALSE) -> 16502.93 | D33: =VLOOKUP(B33,'CtryERP&CRP'!$B$3:$L$197,11,FALSE) -> 0.29978783 | E33: =VLOOKUP(B33,'CtryERP&CRP'!$B$3:$L$197,6,FALSE) -> 0.32980096 | G33: Saudi Arabia | H33: =VLOOKUP(G33,GDP!$B$7:$C$200,2,FALSE) -> 1239804.5 | I33: =VLOOKUP(G33,'CtryERP&CRP'!$B$3:$L$197,11,FALSE) -> 0.02875009 | J33: =VLOOKUP(G33,'CtryERP&CRP'!$B$3:$L$197,6,FALSE) -> 0.058763217 | L33: Ethiopia | M33: =VLOOKUP(L33,GDP!$B$7:$C$200,2,FALSE) -> 149740.3 | N33: =VLOOKUP(L33,'CtryERP&CRP'!$B$3:$L$197,11,FALSE) -> 0.26984428 | O33: =VLOOKUP(L33,'CtryERP&CRP'!$B$3:$L$197,6,FALSE) -> 0.2998574 | Q33: Kazakhstan | R33: =VLOOKUP(Q33,GDP!$B$7:$C$200,2,FALSE) -> 291480.27 | S33: =VLOOKUP(Q33,'CtryERP&CRP'!$B$3:$L$197,11,FALSE) -> 0.039039596 | T33: =VLOOKUP(Q33,'CtryERP&CRP'!$B$3:$L$197,6,FALSE) -> 0.069052723 | V33: Ireland | W33: =VLOOKUP(V33,GDP!$B$7:$C$200,2,FALSE) -> 609157.46 | X33: =VLOOKUP(V33,'CtryERP&CRP'!$B$3:$L$197,11,FALSE) -> 0.0063552831 | Y33: =VLOOKUP(V33,'CtryERP&CRP'!$B$3:$L$197,6,FALSE) -> 0.03636841 | AF33: St. Maarten | AG33: =VLOOKUP(AF33,GDP!$B$7:$C$200,2,FALSE) -> 1797.84 | AH33: =VLOOKUP(AF33,'CtryERP&CRP'!$B$3:$L$197,11,FALSE) -> 0.090182943 | AI33: =VLOOKUP(AF33,'CtryERP&CRP'!$B$3:$L$197,6,FALSE) -> 0.12019607 | AK33: Honduras | AL33: =VLOOKUP(AK33,GDP!$B$7:$C$200,2,FALSE) -> 37093.57 | AM33: =VLOOKUP(AK33,'CtryERP&CRP'!$B$3:$L$197,11,FALSE) -> 0.13492214 | AN33: =VLOOKUP(AK33,'CtryERP&CRP'!$B$3:$L$197,6,FALSE) -> 0.16493526
B34: Macao | C34: =VLOOKUP(B34,GDP!$B$7:$C$200,2,FALSE) -> 49467.26 | D34: =VLOOKUP(B34,'CtryERP&CRP'!$B$3:$L$197,11,FALSE) -> 0.017966133 | E34: =VLOOKUP(B34,'CtryERP&CRP'!$B$3:$L$197,6,FALSE) -> 0.04797926 | G34: Sharjah | H34: =VLOOKUP(G34,GDP!$B$7:$C$200,2,FALSE) -> 39500 | I34: =VLOOKUP(G34,'CtryERP&CRP'!$B$3:$L$197,11,FALSE) -> 0.075035027 | J34: =VLOOKUP(G34,'CtryERP&CRP'!$B$3:$L$197,6,FALSE) -> 0.10504815 | L34: Gabon | M34: =VLOOKUP(L34,GDP!$B$7:$C$200,2,FALSE) -> 20895.68 | N34: =VLOOKUP(L34,'CtryERP&CRP'!$B$3:$L$197,11,FALSE) -> 0.23272442 | O34: =VLOOKUP(L34,'CtryERP&CRP'!$B$3:$L$197,6,FALSE) -> 0.26273754 | Q34: Kyrgyzstan | R34: =VLOOKUP(Q34,GDP!$B$7:$C$200,2,FALSE) -> 17478.26 | S34: =VLOOKUP(Q34,'CtryERP&CRP'!$B$3:$L$197,11,FALSE) -> 0.19480925 | T34: =VLOOKUP(Q34,'CtryERP&CRP'!$B$3:$L$197,6,FALSE) -> 0.22482237 | V34: Isle of Man | W34: =VLOOKUP(V34,GDP!$B$7:$C$200,2,FALSE) -> 7431.26 | X34: =VLOOKUP(V34,'CtryERP&CRP'!$B$3:$L$197,11,FALSE) -> 0.017966133 | Y34: =VLOOKUP(V34,'CtryERP&CRP'!$B$3:$L$197,6,FALSE) -> 0.04797926 | AF34: St. Vincent & the Grenadines | AG34: =VLOOKUP(AF34,GDP!$B$7:$C$200,2,FALSE) -> 1157.21 | AH34: =VLOOKUP(AF34,'CtryERP&CRP'!$B$3:$L$197,11,FALSE) -> 0.19480925 | AI34: =VLOOKUP(AF34,'CtryERP&CRP'!$B$3:$L$197,6,FALSE) -> 0.22482237 | AK34: Mexico | AL34: =VLOOKUP(AK34,GDP!$B$7:$C$200,2,FALSE) -> 1856365.6 | AM34: =VLOOKUP(AK34,'CtryERP&CRP'!$B$3:$L$197,11,FALSE) -> 0.051144898 | AN34: =VLOOKUP(AK34,'CtryERP&CRP'!$B$3:$L$197,6,FALSE) -> 0.081158024
B35: Malaysia | C35: =VLOOKUP(B35,GDP!$B$7:$C$200,2,FALSE) -> 422227.01 | D35: =VLOOKUP(B35,'CtryERP&CRP'!$B$3:$L$197,11,FALSE) -> 0.019368482 | E35: =VLOOKUP(B35,'CtryERP&CRP'!$B$3:$L$197,6,FALSE) -> 0.049381608 | G35: Syria | H35: =VLOOKUP(G35,GDP!$B$7:$C$200,2,FALSE) -> 23622.83 | I35: =VLOOKUP(G35,'CtryERP&CRP'!$B$3:$L$197,11,FALSE) -> 0.52960693 | J35: =VLOOKUP(G35,'CtryERP&CRP'!$B$3:$L$197,6,FALSE) -> 0.55962005 | L35: Gambia | M35: =VLOOKUP(L35,GDP!$B$7:$C$200,2,FALSE) -> 2404.89 | N35: =VLOOKUP(L35,'CtryERP&CRP'!$B$3:$L$197,11,FALSE) -> 0.13492214 | O35: =VLOOKUP(L35,'CtryERP&CRP'!$B$3:$L$197,6,FALSE) -> 0.16493526 | Q35: Latvia | R35: =VLOOKUP(Q35,GDP!$B$7:$C$200,2,FALSE) -> 43684.25 | S35: =VLOOKUP(Q35,'CtryERP&CRP'!$B$3:$L$197,11,FALSE) -> 0.024513235 | T35: =VLOOKUP(Q35,'CtryERP&CRP'!$B$3:$L$197,6,FALSE) -> 0.054526361 | V35: Italy | W35: =VLOOKUP(V35,GDP!$B$7:$C$200,2,FALSE) -> 2380825.1 | X35: =VLOOKUP(V35,'CtryERP&CRP'!$B$3:$L$197,11,FALSE) -> 0.024513235 | Y35: =VLOOKUP(V35,'CtryERP&CRP'!$B$3:$L$197,6,FALSE) -> 0.054526361 | AF35: Trinidad and Tobago | AG35: =VLOOKUP(AF35,GDP!$B$7:$C$200,2,FALSE) -> 25633.54 | AH35: =VLOOKUP(AF35,'CtryERP&CRP'!$B$3:$L$197,11,FALSE) -> 0.090182943 | AI35: =VLOOKUP(AF35,'CtryERP&CRP'!$B$3:$L$197,6,FALSE) -> 0.12019607 | AK35: Nicaragua | AL35: =VLOOKUP(AK35,GDP!$B$7:$C$200,2,FALSE) -> 19693.98 | AM35: =VLOOKUP(AK35,'CtryERP&CRP'!$B$3:$L$197,11,FALSE) -> 0.18763217 | AN35: =VLOOKUP(AK35,'CtryERP&CRP'!$B$3:$L$197,6,FALSE) -> 0.2176453
B36: Maldives | C36: =VLOOKUP(B36,GDP!$B$7:$C$200,2,FALSE) -> 7061.61 | D36: =VLOOKUP(B36,'CtryERP&CRP'!$B$3:$L$197,11,FALSE) -> 0.26984428 | E36: =VLOOKUP(B36,'CtryERP&CRP'!$B$3:$L$197,6,FALSE) -> 0.2998574 | G36: United Arab Emirates | H36: =VLOOKUP(G36,GDP!$B$7:$C$200,2,FALSE) -> 552324.85 | I36: =VLOOKUP(G36,'CtryERP&CRP'!$B$3:$L$197,11,FALSE) -> 0.014795639 | J36: =VLOOKUP(G36,'CtryERP&CRP'!$B$3:$L$197,6,FALSE) -> 0.044808766 | L36: Ghana | M36: =VLOOKUP(L36,GDP!$B$7:$C$200,2,FALSE) -> 82308.11 | N36: =VLOOKUP(L36,'CtryERP&CRP'!$B$3:$L$197,11,FALSE) -> 0.26984428 | O36: =VLOOKUP(L36,'CtryERP&CRP'!$B$3:$L$197,6,FALSE) -> 0.2998574 | Q36: Lithuania | R36: =VLOOKUP(Q36,GDP!$B$7:$C$200,2,FALSE) -> 84869.22 | S36: =VLOOKUP(Q36,'CtryERP&CRP'!$B$3:$L$197,11,FALSE) -> 0.022092175 | T36: =VLOOKUP(Q36,'CtryERP&CRP'!$B$3:$L$197,6,FALSE) -> 0.052105301 | V36: Jersey (States of) | W36: =VLOOKUP(V36,GDP!$B$7:$C$200,2,FALSE) -> 8700 | X36: =VLOOKUP(V36,'CtryERP&CRP'!$B$3:$L$197,11,FALSE) -> 0.014795639 | Y36: =VLOOKUP(V36,'CtryERP&CRP'!$B$3:$L$197,6,FALSE) -> 0.044808766 | AF36: Turks and Caicos Islands | AG36: =VLOOKUP(AF36,GDP!$B$7:$C$200,2,FALSE) -> 1745.38 | AH36: =VLOOKUP(AF36,'CtryERP&CRP'!$B$3:$L$197,11,FALSE) -> 0.047909689 | AI36: =VLOOKUP(AF36,'CtryERP&CRP'!$B$3:$L$197,6,FALSE) -> 0.077922815 | AK36: Panama | AL36: =VLOOKUP(AK36,GDP!$B$7:$C$200,2,FALSE) -> 86523.96 | AM36: =VLOOKUP(AK36,'CtryERP&CRP'!$B$3:$L$197,11,FALSE) -> 0.084434476 | AN36: =VLOOKUP(AK36,'CtryERP&CRP'!$B$3:$L$197,6,FALSE) -> 0.1144476
B37: Mongolia | C37: =VLOOKUP(B37,GDP!$B$7:$C$200,2,FALSE) -> 23794.54 | D37: =VLOOKUP(B37,'CtryERP&CRP'!$B$3:$L$197,11,FALSE) -> 0.1274083 | E37: =VLOOKUP(B37,'CtryERP&CRP'!$B$3:$L$197,6,FALSE) -> 0.15742142 | G37: Yemen, Republic | H37: =VLOOKUP(G37,GDP!$B$7:$C$200,2,FALSE) -> 21606.16 | I37: =VLOOKUP(G37,'CtryERP&CRP'!$B$3:$L$197,11,FALSE) -> 0.35967494 | J37: =VLOOKUP(G37,'CtryERP&CRP'!$B$3:$L$197,6,FALSE) -> 0.38968807 | L37: Guinea | M37: =VLOOKUP(L37,GDP!$B$7:$C$200,2,FALSE) -> 25008.68 | N37: =VLOOKUP(L37,'CtryERP&CRP'!$B$3:$L$197,11,FALSE) -> 0.26984428 | O37: =VLOOKUP(L37,'CtryERP&CRP'!$B$3:$L$197,6,FALSE) -> 0.2998574 | Q37: Macedonia | R37: =VLOOKUP(Q37,GDP!$B$7:$C$200,2,FALSE) -> 16951.68 | S37: =VLOOKUP(Q37,'CtryERP&CRP'!$B$3:$L$197,11,FALSE) -> 0.1077968 | T37: =VLOOKUP(Q37,'CtryERP&CRP'!$B$3:$L$197,6,FALSE) -> 0.13780993 | V37: Liechtenstein | W37: =VLOOKUP(V37,GDP!$B$7:$C$200,2,FALSE) -> 8239.38 | X37: =VLOOKUP(V37,'CtryERP&CRP'!$B$3:$L$197,11,FALSE) -> 0 | Y37: =VLOOKUP(V37,'CtryERP&CRP'!$B$3:$L$197,6,FALSE) -> 0.030013127 | AF37: =AF21 -> Caribbean | AG37: =SUM(AG22:AG36) -> 356923.79 | AH37: =SUMPRODUCT(AH22:AH36,AG22:AG36)/AG37 -> 0.19981023 | AI37: =SUMPRODUCT(AI22:AI36,AG22:AG36)/AG37 -> 0.22982335 | AK37: Paraguay | AL37: =VLOOKUP(AK37,GDP!$B$7:$C$200,2,FALSE) -> 44458.12 | AM37: =VLOOKUP(AK37,'CtryERP&CRP'!$B$3:$L$197,11,FALSE) -> 0.065875822 | AN37: =VLOOKUP(AK37,'CtryERP&CRP'!$B$3:$L$197,6,FALSE) -> 0.095888948
B38: Myanmar | C38: =VLOOKUP(B38,GDP!$B$7:$C$200,2,FALSE) -> 74068.35 | D38: =VLOOKUP(B38,'CtryERP&CRP'!$B$3:$L$197,11,FALSE) -> 0.29978783 | E38: =VLOOKUP(B38,'CtryERP&CRP'!$B$3:$L$197,6,FALSE) -> 0.32980096 | G38: =G21 -> Middle East | H38: =SUM(H22:H37) -> 4099199.4 | I38: =SUMPRODUCT(I22:I37,H22:H37)/H38 -> 0.060828079 | J38: =SUMPRODUCT(J22:J37,H22:H37)/H38 -> 0.090841206 | L38: Guinea-Bissau | M38: =VLOOKUP(L38,GDP!$B$7:$C$200,2,FALSE) -> 2218.39 | N38: =VLOOKUP(L38,'CtryERP&CRP'!$B$3:$L$197,11,FALSE) -> 0.19480925 | O38: =VLOOKUP(L38,'CtryERP&CRP'!$B$3:$L$197,6,FALSE) -> 0.22482237 | Q38: Moldova | R38: =VLOOKUP(Q38,GDP!$B$7:$C$200,2,FALSE) -> 18200.34 | S38: =VLOOKUP(Q38,'CtryERP&CRP'!$B$3:$L$197,11,FALSE) -> 0.19480925 | T38: =VLOOKUP(Q38,'CtryERP&CRP'!$B$3:$L$197,6,FALSE) -> 0.22482237 | V38: Luxembourg | W38: =VLOOKUP(V38,GDP!$B$7:$C$200,2,FALSE) -> 93279.85 | X38: =VLOOKUP(V38,'CtryERP&CRP'!$B$3:$L$197,11,FALSE) -> 0 | Y38: =VLOOKUP(V38,'CtryERP&CRP'!$B$3:$L$197,6,FALSE) -> 0.030013127 | AK38: Peru | AL38: =VLOOKUP(AK38,GDP!$B$7:$C$200,2,FALSE) -> 289221.97 | AM38: =VLOOKUP(AK38,'CtryERP&CRP'!$B$3:$L$197,11,FALSE) -> 0.036921169 | AN38: =VLOOKUP(AK38,'CtryERP&CRP'!$B$3:$L$197,6,FALSE) -> 0.066934295
B39: Nepal | C39: =VLOOKUP(B39,GDP!$B$7:$C$200,2,FALSE) -> 42914.27 | D39: =VLOOKUP(B39,'CtryERP&CRP'!$B$3:$L$197,11,FALSE) -> 0.1077968 | E39: =VLOOKUP(B39,'CtryERP&CRP'!$B$3:$L$197,6,FALSE) -> 0.13780993 | L39: Kenya | M39: =VLOOKUP(L39,GDP!$B$7:$C$200,2,FALSE) -> 120339.56 | N39: =VLOOKUP(L39,'CtryERP&CRP'!$B$3:$L$197,11,FALSE) -> 0.18672427 | O39: =VLOOKUP(L39,'CtryERP&CRP'!$B$3:$L$197,6,FALSE) -> 0.2167374 | Q39: Montenegro | R39: =VLOOKUP(Q39,GDP!$B$7:$C$200,2,FALSE) -> 8270.02 | S39: =VLOOKUP(Q39,'CtryERP&CRP'!$B$3:$L$197,11,FALSE) -> 0.13492214 | T39: =VLOOKUP(Q39,'CtryERP&CRP'!$B$3:$L$197,6,FALSE) -> 0.16493526 | V39: Malta | W39: =VLOOKUP(V39,GDP!$B$7:$C$200,2,FALSE) -> 24971.57 | X39: =VLOOKUP(V39,'CtryERP&CRP'!$B$3:$L$197,11,FALSE) -> 0.025363953 | Y39: =VLOOKUP(V39,'CtryERP&CRP'!$B$3:$L$197,6,FALSE) -> 0.055377079 | AK39: Suriname | AL39: =VLOOKUP(AK39,GDP!$B$7:$C$200,2,FALSE) -> 4416.78 | AM39: =VLOOKUP(AK39,'CtryERP&CRP'!$B$3:$L$197,11,FALSE) -> 0.2247528 | AN39: =VLOOKUP(AK39,'CtryERP&CRP'!$B$3:$L$197,6,FALSE) -> 0.25476593
B40: Pakistan | C40: =VLOOKUP(B40,GDP!$B$7:$C$200,2,FALSE) -> 371570 | D40: =VLOOKUP(B40,'CtryERP&CRP'!$B$3:$L$197,11,FALSE) -> 0.2260665 | E40: =VLOOKUP(B40,'CtryERP&CRP'!$B$3:$L$197,6,FALSE) -> 0.25607963 | L40: Liberia | M40: =VLOOKUP(L40,GDP!$B$7:$C$200,2,FALSE) -> 4779.3 | N40: =VLOOKUP(L40,'CtryERP&CRP'!$B$3:$L$197,11,FALSE) -> 0.26984428 | O40: =VLOOKUP(L40,'CtryERP&CRP'!$B$3:$L$197,6,FALSE) -> 0.2998574 | Q40: Poland | R40: =VLOOKUP(Q40,GDP!$B$7:$C$200,2,FALSE) -> 917767.11 | S40: =VLOOKUP(Q40,'CtryERP&CRP'!$B$3:$L$197,11,FALSE) -> 0.028144825 | T40: =VLOOKUP(Q40,'CtryERP&CRP'!$B$3:$L$197,6,FALSE) -> 0.058157952 | V40: Netherlands | W40: =VLOOKUP(V40,GDP!$B$7:$C$200,2,FALSE) -> 1214927.7 | X40: =VLOOKUP(V40,'CtryERP&CRP'!$B$3:$L$197,11,FALSE) -> 0.0024210602 | Y40: =VLOOKUP(V40,'CtryERP&CRP'!$B$3:$L$197,6,FALSE) -> 0.032434187 | AK40: Uruguay | AL40: =VLOOKUP(AK40,GDP!$B$7:$C$200,2,FALSE) -> 80961.51 | AM40: =VLOOKUP(AK40,'CtryERP&CRP'!$B$3:$L$197,11,FALSE) -> 0.030868518 | AN40: =VLOOKUP(AK40,'CtryERP&CRP'!$B$3:$L$197,6,FALSE) -> 0.060881645
B41: Papua New Guinea | C41: =VLOOKUP(B41,GDP!$B$7:$C$200,2,FALSE) -> 31800.43 | D41: =VLOOKUP(B41,'CtryERP&CRP'!$B$3:$L$197,11,FALSE) -> 0.16486569 | E41: =VLOOKUP(B41,'CtryERP&CRP'!$B$3:$L$197,6,FALSE) -> 0.19487882 | L41: Libya | M41: =VLOOKUP(L41,GDP!$B$7:$C$200,2,FALSE) -> 48487.15 | N41: =VLOOKUP(L41,'CtryERP&CRP'!$B$3:$L$197,11,FALSE) -> 0.065875822 | O41: =VLOOKUP(L41,'CtryERP&CRP'!$B$3:$L$197,6,FALSE) -> 0.095888948 | Q41: Romania | R41: =VLOOKUP(Q41,GDP!$B$7:$C$200,2,FALSE) -> 382564.22 | S41: =VLOOKUP(Q41,'CtryERP&CRP'!$B$3:$L$197,11,FALSE) -> 0.075658133 | T41: =VLOOKUP(Q41,'CtryERP&CRP'!$B$3:$L$197,6,FALSE) -> 0.10567126 | V41: Norway | W41: =VLOOKUP(V41,GDP!$B$7:$C$200,2,FALSE) -> 483592.65 | X41: =VLOOKUP(V41,'CtryERP&CRP'!$B$3:$L$197,11,FALSE) -> 0.0015131627 | Y41: =VLOOKUP(V41,'CtryERP&CRP'!$B$3:$L$197,6,FALSE) -> 0.031526289 | AK41: Venezuela | AL41: =VLOOKUP(AK41,GDP!$B$7:$C$200,2,FALSE) -> 119802.96 | AM41: =VLOOKUP(AK41,'CtryERP&CRP'!$B$3:$L$197,11,FALSE) -> 0.52960693 | AN41: =VLOOKUP(AK41,'CtryERP&CRP'!$B$3:$L$197,6,FALSE) -> 0.55962005
B42: Philippines | C42: =VLOOKUP(B42,GDP!$B$7:$C$200,2,FALSE) -> 461617.51 | D42: =VLOOKUP(B42,'CtryERP&CRP'!$B$3:$L$197,11,FALSE) -> 0.029657988 | E42: =VLOOKUP(B42,'CtryERP&CRP'!$B$3:$L$197,6,FALSE) -> 0.059671114 | L42: Madagascar | M42: =VLOOKUP(L42,GDP!$B$7:$C$200,2,FALSE) -> 17420.5 | N42: =VLOOKUP(L42,'CtryERP&CRP'!$B$3:$L$197,11,FALSE) -> 0.16486569 | O42: =VLOOKUP(L42,'CtryERP&CRP'!$B$3:$L$197,6,FALSE) -> 0.19487882 | Q42: Russia | R42: =VLOOKUP(Q42,GDP!$B$7:$C$200,2,FALSE) -> 2173835.8 | S42: =VLOOKUP(Q42,'CtryERP&CRP'!$B$3:$L$197,11,FALSE) -> 0.090182943 | T42: =VLOOKUP(Q42,'CtryERP&CRP'!$B$3:$L$197,6,FALSE) -> 0.12019607 | V42: Portugal | W42: =VLOOKUP(V42,GDP!$B$7:$C$200,2,FALSE) -> 313271.19 | X42: =VLOOKUP(V42,'CtryERP&CRP'!$B$3:$L$197,11,FALSE) -> 0.011500036 | Y42: =VLOOKUP(V42,'CtryERP&CRP'!$B$3:$L$197,6,FALSE) -> 0.041513163 | AK42: =AK21 -> Central and South America | AL42: =SUM(AL22:AL41) -> 6563149.6 | AM42: =SUMPRODUCT(AM22:AM41,AL22:AL41)/AL42 -> 0.097716976 | AN42: =SUMPRODUCT(AN22:AN41,AL22:AL41)/AL42 -> 0.1277301
B43: Singapore | C43: =VLOOKUP(B43,GDP!$B$7:$C$200,2,FALSE) -> 547386.65 | D43: =VLOOKUP(B43,'CtryERP&CRP'!$B$3:$L$197,11,FALSE) -> 0 | E43: =VLOOKUP(B43,'CtryERP&CRP'!$B$3:$L$197,6,FALSE) -> 0.030013127 | L43: Malawi | M43: =VLOOKUP(L43,GDP!$B$7:$C$200,2,FALSE) -> 11316.41 | N43: =VLOOKUP(L43,'CtryERP&CRP'!$B$3:$L$197,11,FALSE) -> 0.26984428 | O43: =VLOOKUP(L43,'CtryERP&CRP'!$B$3:$L$197,6,FALSE) -> 0.2998574 | Q43: Serbia | R43: =VLOOKUP(Q43,GDP!$B$7:$C$200,2,FALSE) -> 90097.77 | S43: =VLOOKUP(Q43,'CtryERP&CRP'!$B$3:$L$197,11,FALSE) -> 0.064460729 | T43: =VLOOKUP(Q43,'CtryERP&CRP'!$B$3:$L$197,6,FALSE) -> 0.094473855 | V43: Spain | W43: =VLOOKUP(V43,GDP!$B$7:$C$200,2,FALSE) -> 1725671.6 | X43: =VLOOKUP(V43,'CtryERP&CRP'!$B$3:$L$197,11,FALSE) -> 0.014223729 | Y43: =VLOOKUP(V43,'CtryERP&CRP'!$B$3:$L$197,6,FALSE) -> 0.044236855
B44: Solomon Islands | C44: =VLOOKUP(B44,GDP!$B$7:$C$200,2,FALSE) -> 1583.96 | D44: =VLOOKUP(B44,'CtryERP&CRP'!$B$3:$L$197,11,FALSE) -> 0.2247528 | E44: =VLOOKUP(B44,'CtryERP&CRP'!$B$3:$L$197,6,FALSE) -> 0.25476593 | L44: Mali | M44: =VLOOKUP(L44,GDP!$B$7:$C$200,2,FALSE) -> 26794.75 | N44: =VLOOKUP(L44,'CtryERP&CRP'!$B$3:$L$197,11,FALSE) -> 0.26984428 | O44: =VLOOKUP(L44,'CtryERP&CRP'!$B$3:$L$197,6,FALSE) -> 0.2998574 | Q44: Slovakia | R44: =VLOOKUP(Q44,GDP!$B$7:$C$200,2,FALSE) -> 140934.08 | S44: =VLOOKUP(Q44,'CtryERP&CRP'!$B$3:$L$197,11,FALSE) -> 0.013315831 | T44: =VLOOKUP(Q44,'CtryERP&CRP'!$B$3:$L$197,6,FALSE) -> 0.043328958 | V44: Sweden | W44: =VLOOKUP(V44,GDP!$B$7:$C$200,2,FALSE) -> 603715.22 | X44: =VLOOKUP(V44,'CtryERP&CRP'!$B$3:$L$197,11,FALSE) -> 0.0024210602 | Y44: =VLOOKUP(V44,'CtryERP&CRP'!$B$3:$L$197,6,FALSE) -> 0.032434187
B45: Sri Lanka | C45: =VLOOKUP(B45,GDP!$B$7:$C$200,2,FALSE) -> 98963.19 | D45: =VLOOKUP(B45,'CtryERP&CRP'!$B$3:$L$197,11,FALSE) -> 0.14193466 | E45: =VLOOKUP(B45,'CtryERP&CRP'!$B$3:$L$197,6,FALSE) -> 0.17194778 | L45: Mauritius | M45: =VLOOKUP(L45,GDP!$B$7:$C$200,2,FALSE) -> 14937.86 | N45: =VLOOKUP(L45,'CtryERP&CRP'!$B$3:$L$197,11,FALSE) -> 0.065875822 | O45: =VLOOKUP(L45,'CtryERP&CRP'!$B$3:$L$197,6,FALSE) -> 0.095888948 | Q45: Slovenia | R45: =VLOOKUP(Q45,GDP!$B$7:$C$200,2,FALSE) -> 72972.02 | S45: =VLOOKUP(Q45,'CtryERP&CRP'!$B$3:$L$197,11,FALSE) -> 0.016039524 | T45: =VLOOKUP(Q45,'CtryERP&CRP'!$B$3:$L$197,6,FALSE) -> 0.046052651 | V45: Switzerland | W45: =VLOOKUP(V45,GDP!$B$7:$C$200,2,FALSE) -> 936564.2 | X45: =VLOOKUP(V45,'CtryERP&CRP'!$B$3:$L$197,11,FALSE) -> 0 | Y45: =VLOOKUP(V45,'CtryERP&CRP'!$B$3:$L$197,6,FALSE) -> 0.030013127
B46: Taiwan | C46: =VLOOKUP(B46,GDP!$B$7:$C$200,2,FALSE) -> 801495 | D46: =VLOOKUP(B46,'CtryERP&CRP'!$B$3:$L$197,11,FALSE) -> 0.017966133 | E46: =VLOOKUP(B46,'CtryERP&CRP'!$B$3:$L$197,6,FALSE) -> 0.04797926 | L46: Morocco | M46: =VLOOKUP(L46,GDP!$B$7:$C$200,2,FALSE) -> 160610.99 | N46: =VLOOKUP(L46,'CtryERP&CRP'!$B$3:$L$197,11,FALSE) -> 0.043276452 | O46: =VLOOKUP(L46,'CtryERP&CRP'!$B$3:$L$197,6,FALSE) -> 0.073289578 | Q46: Tajikistan | R46: =VLOOKUP(Q46,GDP!$B$7:$C$200,2,FALSE) -> 14204.58 | S46: =VLOOKUP(Q46,'CtryERP&CRP'!$B$3:$L$197,11,FALSE) -> 0.19480925 | T46: =VLOOKUP(Q46,'CtryERP&CRP'!$B$3:$L$197,6,FALSE) -> 0.22482237 | V46: Turkey | W46: =VLOOKUP(V46,GDP!$B$7:$C$200,2,FALSE) -> 1359123.8 | X46: =VLOOKUP(V46,'CtryERP&CRP'!$B$3:$L$197,11,FALSE) -> 0.10985561 | Y46: =VLOOKUP(V46,'CtryERP&CRP'!$B$3:$L$197,6,FALSE) -> 0.13986873
B47: Thailand | C47: =VLOOKUP(B47,GDP!$B$7:$C$200,2,FALSE) -> 526517.66 | D47: =VLOOKUP(B47,'CtryERP&CRP'!$B$3:$L$197,11,FALSE) -> 0.016644789 | E47: =VLOOKUP(B47,'CtryERP&CRP'!$B$3:$L$197,6,FALSE) -> 0.046657916 | L47: Mozambique | M47: =VLOOKUP(L47,GDP!$B$7:$C$200,2,FALSE) -> 22745.34 | N47: =VLOOKUP(L47,'CtryERP&CRP'!$B$3:$L$197,11,FALSE) -> 0.26984428 | O47: =VLOOKUP(L47,'CtryERP&CRP'!$B$3:$L$197,6,FALSE) -> 0.2998574 | Q47: Ukraine | R47: =VLOOKUP(Q47,GDP!$B$7:$C$200,2,FALSE) -> 190741.26 | S47: =VLOOKUP(Q47,'CtryERP&CRP'!$B$3:$L$197,11,FALSE) -> 0.35967494 | T47: =VLOOKUP(Q47,'CtryERP&CRP'!$B$3:$L$197,6,FALSE) -> 0.38968807 | V47: United Kingdom | W47: =VLOOKUP(V47,GDP!$B$7:$C$200,2,FALSE) -> 3686033 | X47: =VLOOKUP(V47,'CtryERP&CRP'!$B$3:$L$197,11,FALSE) -> 0.0060526506 | Y47: =VLOOKUP(V47,'CtryERP&CRP'!$B$3:$L$197,6,FALSE) -> 0.036065777
B48: Vietnam | C48: =VLOOKUP(B48,GDP!$B$7:$C$200,2,FALSE) -> 476388.23 | D48: =VLOOKUP(B48,'CtryERP&CRP'!$B$3:$L$197,11,FALSE) -> 0.042368554 | E48: =VLOOKUP(B48,'CtryERP&CRP'!$B$3:$L$197,6,FALSE) -> 0.072381681 | L48: Namibia | M48: =VLOOKUP(L48,GDP!$B$7:$C$200,2,FALSE) -> 13372.35 | N48: =VLOOKUP(L48,'CtryERP&CRP'!$B$3:$L$197,11,FALSE) -> 0.10531612 | O48: =VLOOKUP(L48,'CtryERP&CRP'!$B$3:$L$197,6,FALSE) -> 0.13532925 | Q48: Uzbekistan | R48: =VLOOKUP(Q48,GDP!$B$7:$C$200,2,FALSE) -> 114965.29 | S48: =VLOOKUP(Q48,'CtryERP&CRP'!$B$3:$L$197,11,FALSE) -> 0.1077968 | T48: =VLOOKUP(Q48,'CtryERP&CRP'!$B$3:$L$197,6,FALSE) -> 0.13780993 | V48: =V21 -> Westeren Europe | W48: =SUM(W22:W47) -> 23566520 | X48: =SUMPRODUCT(X22:X47,W22:W47)/W48 -> 0.0146739 | Y48: =SUMPRODUCT(Y22:Y47,W22:W47)/W48 -> 0.044687027
B49: =B21 -> Asia | C49: =SUM(C22:C48) -> 34857584 | D49: =SUMPRODUCT(D22:D48,C22:C48)/C49 -> 0.022846338 | E49: =SUMPRODUCT(E22:E48,C22:C48)/C49 -> 0.052859465 | L49: Niger | M49: =VLOOKUP(L49,GDP!$B$7:$C$200,2,FALSE) -> 19876.13 | N49: =VLOOKUP(L49,'CtryERP&CRP'!$B$3:$L$197,11,FALSE) -> 0.29978783 | O49: =VLOOKUP(L49,'CtryERP&CRP'!$B$3:$L$197,6,FALSE) -> 0.32980096 | Q49: =Q21 -> Eastern Europe & Russia | R49: =SUM(R22:R48) -> 5665313 | S49: =SUMPRODUCT(S22:S48,R22:R48)/R49 -> 0.079495036 | T49: =SUMPRODUCT(T22:T48,R22:R48)/R49 -> 0.10950816
L50: Nigeria | M50: =VLOOKUP(L50,GDP!$B$7:$C$200,2,FALSE) -> 252261.88 | N50: =VLOOKUP(L50,'CtryERP&CRP'!$B$3:$L$197,11,FALSE) -> 0.17794793 | O50: =VLOOKUP(L50,'CtryERP&CRP'!$B$3:$L$197,6,FALSE) -> 0.20796105
L51: Rwanda | M51: =VLOOKUP(L51,GDP!$B$7:$C$200,2,FALSE) -> 14251.64 | N51: =VLOOKUP(L51,'CtryERP&CRP'!$B$3:$L$197,11,FALSE) -> 0.15918471 | O51: =VLOOKUP(L51,'CtryERP&CRP'!$B$3:$L$197,6,FALSE) -> 0.18919784
L52: Senegal | M52: =VLOOKUP(L52,GDP!$B$7:$C$200,2,FALSE) -> 32808.06 | N52: =VLOOKUP(L52,'CtryERP&CRP'!$B$3:$L$197,11,FALSE) -> 0.23181652 | O52: =VLOOKUP(L52,'CtryERP&CRP'!$B$3:$L$197,6,FALSE) -> 0.26182964
L53: Sierra Leone | M53: =VLOOKUP(L53,GDP!$B$7:$C$200,2,FALSE) -> 6971.13 | N53: =VLOOKUP(L53,'CtryERP&CRP'!$B$3:$L$197,11,FALSE) -> 0.26984428 | O53: =VLOOKUP(L53,'CtryERP&CRP'!$B$3:$L$197,6,FALSE) -> 0.2998574
L54: Somalia | M54: =VLOOKUP(L54,GDP!$B$7:$C$200,2,FALSE) -> 11967 | N54: =VLOOKUP(L54,'CtryERP&CRP'!$B$3:$L$197,11,FALSE) -> 0.29978783 | O54: =VLOOKUP(L54,'CtryERP&CRP'!$B$3:$L$197,6,FALSE) -> 0.32980096
L55: South Africa | M55: =VLOOKUP(L55,GDP!$B$7:$C$200,2,FALSE) -> 401145 | N55: =VLOOKUP(L55,'CtryERP&CRP'!$B$3:$L$197,11,FALSE) -> 0.085947639 | O55: =VLOOKUP(L55,'CtryERP&CRP'!$B$3:$L$197,6,FALSE) -> 0.11596077
L56: Sudan | M56: =VLOOKUP(L56,GDP!$B$7:$C$200,2,FALSE) -> 11997.8 | N56: =VLOOKUP(L56,'CtryERP&CRP'!$B$3:$L$197,11,FALSE) -> 0.52960693 | O56: =VLOOKUP(L56,'CtryERP&CRP'!$B$3:$L$197,6,FALSE) -> 0.55962005
L57: Swaziland | M57: =VLOOKUP(L57,GDP!$B$7:$C$200,2,FALSE) -> 4858.89 | N57: =VLOOKUP(L57,'CtryERP&CRP'!$B$3:$L$197,11,FALSE) -> 0.16486569 | O57: =VLOOKUP(L57,'CtryERP&CRP'!$B$3:$L$197,6,FALSE) -> 0.19487882
L58: Tanzania | M58: =VLOOKUP(L58,GDP!$B$7:$C$200,2,FALSE) -> 78844.41 | N58: =VLOOKUP(L58,'CtryERP&CRP'!$B$3:$L$197,11,FALSE) -> 0.13492214 | O58: =VLOOKUP(L58,'CtryERP&CRP'!$B$3:$L$197,6,FALSE) -> 0.16493526
L59: Togo | M59: =VLOOKUP(L59,GDP!$B$7:$C$200,2,FALSE) -> 10651.18 | N59: =VLOOKUP(L59,'CtryERP&CRP'!$B$3:$L$197,11,FALSE) -> 0.19480925 | O59: =VLOOKUP(L59,'CtryERP&CRP'!$B$3:$L$197,6,FALSE) -> 0.22482237
L60: Tunisia | M60: =VLOOKUP(L60,GDP!$B$7:$C$200,2,FALSE) -> 51332.29 | N60: =VLOOKUP(L60,'CtryERP&CRP'!$B$3:$L$197,11,FALSE) -> 0.21940858 | O60: =VLOOKUP(L60,'CtryERP&CRP'!$B$3:$L$197,6,FALSE) -> 0.24942171
L61: Uganda | M61: =VLOOKUP(L61,GDP!$B$7:$C$200,2,FALSE) -> 53911.91 | N61: =VLOOKUP(L61,'CtryERP&CRP'!$B$3:$L$197,11,FALSE) -> 0.19480925 | O61: =VLOOKUP(L61,'CtryERP&CRP'!$B$3:$L$197,6,FALSE) -> 0.22482237
... L63: Zimbabwe | M63: =VLOOKUP(L63,GDP!$B$7:$C$200,2,FALSE) -> 41539.41 | N63: =VLOOKUP(L63,'CtryERP&CRP'!$B$3:$L$197,11,FALSE) -> 0.26984428 | O63: =VLOOKUP(L63,'CtryERP&CRP'!$B$3:$L$197,6,FALSE) -> 0.2998574
L64: =L21 -> Africa | M64: =SUM(M22:M63) -> 2794308.2 | N64: =SUMPRODUCT(N22:N63,M22:M63)/M64 -> 0.16470493 | O64: =SUMPRODUCT(O22:O63,M22:M63)/M64 -> 0.19471805

Sheet Data>

Sheet Ratings&PRS
B2: Country | C2: Moody's Rating | D2: S&P Rating | E2: FITCH Rating | G2: Country | H2: PRS Score in Jan 2025
B4: Abu Dhabi | C4: Aa2 | D4: NR | E4: NR | G4: Albania | H4: 74 | J4: Source: NYU Stern website, Damodaran online
B5: Albania | C5: Ba3 | D5: BB- | E5: NR | G5: Algeria | H5: 69.25
B6: Andorra (Principality of) | C6: Baa1 | D6: A- | E6: A- | G6: Angola | H6: 64.25
B7: Angola | C7: B3 | D7: B- | E7: B- | G7: Argentina | H7: 65.25
B8: Argentina | C8: Ca | D8: CCC | E8: CCC | G8: Armenia | H8: 66.25
B9: Armenia | C9: Ba3 | D9: BB- | E9: B+ | G9: Australia | H9: 80.75
B10: Aruba | C10: Baa3 | D10: BBB | E10: NR | G10: Austria | H10: 78.5
B11: Australia | C11: Aaa | D11: AAA | E11: AAA | G11: Azerbaijan | H11: 73.5
B12: Austria | C12: Aa1 | D12: AA+ | E12: AA+ | G12: Bahamas | H12: 77.25
B13: Azerbaijan | C13: Ba1 | D13: BB+ | E13: BB+ | G13: Bahrain | H13: 72.75
B14: Bahamas | C14: B1 | D14: B+ | E14: NR | G14: Bangladesh | H14: 64.5
B15: Bahrain | C15: B2 | D15: B+ | E15: B+ | G15: Belarus | H15: 65.25
B16: Bangladesh | C16: B2 | D16: B+ | E16: B+ | G16: Belgium | H16: 75.25
... B42: Croatia | C42: A3 | D42: A- | E42: BBB+ | G42: Ethiopia | H42: 54.25
B43: Cuba | C43: Ca | D43: 0 | E43: NR | G43: Finland | H43: 78
B44: Curacao | C44: Baa3 | D44: BBB- | E44: NR | G44: France | H44: 72.25
B45: Cyprus | C45: A3 | D45: A- | E45: A- | G45: Gabon | H45: 68.5
B46: Czech Republic | C46: Aa3 | D46: AA- | E46: AA- | G46: Gambia | H46: 67.5
B47: Denmark | C47: Aaa | D47: AAA | E47: AAA | G47: Germany | H47: 80
B48: Dominican Republic | C48: Ba3 | D48: BB | E48: BB- | G48: Ghana | H48: 64.5
B49: Ecuador | C49: Caa3 | D49: B- | E49: CCC+ | G49: Greece | H49: 69.5
B50: Egypt | C50: Caa1 | D50: B- | E50: B- | G50: Guatemala | H50: 72.5
B51: El Salvador | C51: B3 | D51: B- | E51: CC | G51: Guinea | H51: 57.75
B52: Estonia | C52: A1 | D52: NR | E52: AA- | G52: Guinea-Bissau | H52: 63.25
B53: Ethiopia | C53: Caa2 | D53: SD | E53: NR | G53: Guyana | H53: 75.75
B54: Fiji | C54: B1 | D54: B+ | E54: NR | G54: Haiti | H54: 54.75
B55: Finland | C55: Aa1 | D55: AA+ | E55: AA+ | G55: Honduras | H55: 66.5
... B83: Kyrgyzstan | C83: B3 | D83: NR | E83: NR | G83: Mali | H83: 58.5
B84: Laos | C84: Caa3 | D84: 0 | E84: CCC- | G84: Malta | H84: 76
B85: Latvia | C85: A3 | D85: A | E85: A- | G85: Mexico | H85: 66.75
B86: Lebanon | C86: C | D86: D | E86: NR | G86: Moldova | H86: 65
B87: Liechtenstein | C87: Aaa | D87: AAA | E87: NR | G87: Mongolia | H87: 70
B88: Lithuania | C88: A2 | D88: A | E88: A | G88: Morocco | H88: 70.5
B89: Luxembourg | C89: Aaa | D89: AAA | E89: AAA | G89: Mozambique | H89: 56.75
B90: Macao | C90: Aa3 | D90: NR | E90: NR | G90: Myanmar | H90: 56
B91: Macedonia | C91: Ba3 | D91: BB- | E91: NR | G91: Namibia | H91: 69.75
B92: Malaysia | C92: A3 | D92: A- | E92: BBB+ | G92: Netherlands | H92: 80.75
B93: Maldives | C93: Caa2 | D93: 0 | E93: CC | G93: New Zealand | H93: 77.25
B94: Mali | C94: Caa2 | D94: 0 | E94: NR | G94: Nicaragua | H94: 67.25
B95: Malta | C95: A2 | D95: A- | E95: A+ | G95: Niger | H95: 53.25
B96: Mauritius | C96: Baa3 | D96: BBB- | E96: NR | G96: Nigeria | H96: 55.75
B97: Mexico | C97: Baa2 | D97: BBB | E97: BBB- | G97: Norway | H97: 86.25
B98: Moldova | C98: B3 | D98: 0 | E98: B+ | G98: Oman | H98: 78.75
B99: Mongolia | C99: B2 | D99: B+ | E99: B+ | G99: Pakistan | H99: 55.25
B100: Montenegro | C100: B1 | D100: B+ | E100: NR | G100: Panama | H100: 71.5
B101: Montserrat | C101: Baa3 | D101: BBB- | E101: NR | G101: Papua New Guinea | H101: 68.25
B102: Morocco | C102: Ba1 | D102: BB+ | E102: BB+ | G102: Paraguay | H102: 71.25
B103: Mozambique | C103: Caa2 | D103: CCC+ | E103: CCC | G103: Peru | H103: 70.25
B104: Namibia | C104: B1 | D104: 0 | E104: BB | G104: Philippines | H104: 71.5
B105: Nepal | C105: Ba3 | D105: NR | E105: BB- | G105: Poland | H105: 76
B106: Netherlands | C106: Aaa | D106: AAA | E106: AAA | G106: Portugal | H106: 77.5
B107: New Zealand | C107: Aaa | D107: AA+ | E107: AA+ | G107: Qatar | H107: 80.25
B108: Nicaragua | C108: B2 | D108: B+ | E108: B | G108: Romania | H108: 68.75
B109: Niger | C109: Caa3 | D109: 0 | E109: NR | G109: Russia | H109: 69.25
B110: Nigeria | C110: Caa1 | D110: B- | E110: B- | G110: Saudi Arabia | H110: 79.5
B111: Norway | C111: Aaa | D111: AAA | E111: AAA | G111: Senegal | H111: 61.5
B112: Oman | C112: Ba1 | D112: BBB- | E112: BB+ | G112: Serbia | H112: 67.75
B113: Pakistan | C113: Caa2 | D113: CCC+ | E113: CCC+ | G113: Sierra Leone | H113: 59.5
B114: Panama | C114: Baa3 | D114: BBB- | E114: BB+ | G114: Singapore | H114: 86.75
B115: Papua New Guinea | C115: B2 | D115: B- | E115: NR | G115: Slovakia | H115: 67.75
B116: Paraguay | C116: Baa3 | D116: BB+ | E116: BB+ | G116: Slovenia | H116: 74.25
B117: Peru | C117: Baa1 | D117: BBB- | E117: BBB | G117: Somalia | H117: 55.5
B118: Philippines | C118: Baa2 | D118: BBB+ | E118: BBB | G118: South Africa | H118: 68.5
B119: Poland | C119: A2 | D119: A- | E119: A- | G119: Spain | H119: 72.75
B120: Portugal | C120: A3 | D120: A- | E120: A- | G120: Sri Lanka | H120: 63.75
B121: Qatar | C121: Aa2 | D121: AA | E121: AA | G121: Sudan | H121: 43.5
... B131: Slovenia | C131: A3 | D131: AA- | E131: A | G131: Tunisia | H131: 62
B132: Solomon Islands | C132: Caa1 | D132: 0 | E132: NR | G132: Turkey | H132: 60
B133: South Africa | C133: Ba2 | D133: BB- | E133: BB- | G133: Uganda | H133: 61.25
B134: Spain | C134: Baa1 | D134: A- | E134: A- | G134: Ukraine | H134: 61.5
B135: Sri Lanka | C135: Ca | D135: SD | E135: NR | G135: United Arab Emirates | H135: 80.75
B136: St. Maarten | C136: Ba2 | D136: NR | E136: NR | G136: United Kingdom | H136: 77.25
B137: St. Vincent & the Grenadines | C137: B3 | D137: NR | E137: NR | G137: United States | H137: 73.25
B138: Suriname | C138: Caa1 | D138: CCC+ | E138: NR | G138: Uruguay | H138: 75.5
B139: Swaziland | C139: B2 | D139: NR | E139: NR | G139: Uzbekistan | H139: 75.75
B140: Sweden | C140: Aaa | D140: AAA | E140: AAA | G140: Venezuela | H140: 58
B141: Switzerland | C141: Aaa | D141: AAA | E141: AAA | G141: Vietnam | H141: 71.5
B142: Taiwan | C142: Aa3 | D142: AA+ | E142: AA | G142: Yemen, Republic | H142: 51.5
B143: Tajikistan | C143: B3 | D143: B | E143: NR | G143: Zambia | H143: 67.75
B144: Tanzania | C144: B1 | D144: 0 | E144: B+ | G144: Zimbabwe | H144: 57.75
B145: Thailand | C145: Baa1 | D145: BBB+ | E145: BBB+
B146: Togo | C146: B3 | D146: B | E146: NR
B147: Trinidad and Tobago | C147: Ba2 | D147: BBB- | E147: NR
B148: Tunisia | C148: Caa2 | D148: NR | E148: CCC+
B149: Turkey | C149: B1 | D149: BB- | E149: B+
B150: Turks and Caicos Islands | C150: Baa1 | D150: BBB | E150: NR
B151: Uganda | C151: B3 | D151: B- | E151: B
B152: Ukraine | C152: Ca | D152: SD | E152: NR
B153: United Arab Emirates | C153: Aa2 | D153: AA | E153: AA-
B154: United Kingdom | C154: Aa3 | D154: AA | E154: AA-
B155: United States | C155: Aa1 | D155: AA+ | E155: NR
B156: Uruguay | C156: Baa1 | D156: BBB+ | E156: BBB
... B160: Zambia | C160: Caa2 | D160: SD | E160: NR

Sheet RegionLookup
B2: Country | C2: Region
B3: Abu Dhabi | C3: Middle East
B4: Albania | C4: Eastern Europe & Russia
B5: Algeria | C5: Africa
B6: Andorra (Principality of) | C6: Western Europe
B7: Angola | C7: Africa
B8: Argentina | C8: Central and South America
B9: Armenia | C9: Eastern Europe & Russia
B10: Aruba | C10: Caribbean
B11: Australia | C11: Australia & New Zealand
B12: Austria | C12: Western Europe
B13: Azerbaijan | C13: Eastern Europe & Russia
... B184: Zimbabwe | C184: Africa

Sheet CDS
B2: 10 Year Credit Default Spread
B4: Switzerland CDS | C4: =C87 -> 0.0017
B6: Country | C6: CDS November 2025 | D6: Net of Switzerland
B8: Abu Dhabi | C8: 0.0068 | D8: =IF(C8="NA","NA",IF(C8<$C$4,0,C8-$C$4)) -> 0.0051 | F8: Source: NYU Stern website, Damodaran online
B9: Algeria | C9: 0.014 | D9: =IF(C9="NA","NA",IF(C9<$C$4,0,C9-$C$4)) -> 0.0123
B10: Angola | C10: 0.0716 | D10: =IF(C10="NA","NA",IF(C10<$C$4,0,C10-$C$4)) -> 0.0699
B11: Argentina | C11: 0.0837 | D11: =IF(C11="NA","NA",IF(C11<$C$4,0,C11-$C$4)) -> 0.082
B12: Australia | C12: 0.0018 | D12: =IF(C12="NA","NA",IF(C12<$C$4,0,C12-$C$4)) -> 0.0001
B13: Austria | C13: 0.0032 | D13: =IF(C13="NA","NA",IF(C13<$C$4,0,C13-$C$4)) -> 0.0015
B14: Bahrain | C14: 0.0279 | D14: =IF(C14="NA","NA",IF(C14<$C$4,0,C14-$C$4)) -> 0.0262
B15: Belgium | C15: 0.005 | D15: =IF(C15="NA","NA",IF(C15<$C$4,0,C15-$C$4)) -> 0.0033
B16: Brazil | C16: 0.0255 | D16: =IF(C16="NA","NA",IF(C16<$C$4,0,C16-$C$4)) -> 0.0238
B17: Bulgaria | C17: 0.0112 | D17: =IF(C17="NA","NA",IF(C17<$C$4,0,C17-$C$4)) -> 0.0095
B18: Cameroon | C18: 0.0803 | D18: =IF(C18="NA","NA",IF(C18<$C$4,0,C18-$C$4)) -> 0.0786
B19: Canada | C19: 0.0037 | D19: =IF(C19="NA","NA",IF(C19<$C$4,0,C19-$C$4)) -> 0.002
B20: Chile | C20: 0.0104 | D20: =IF(C20="NA","NA",IF(C20<$C$4,0,C20-$C$4)) -> 0.0087
... B32: Estonia | C32: 0.0093 | D32: =IF(C32="NA","NA",IF(C32<$C$4,0,C32-$C$4)) -> 0.0076
B33: Ethiopia | C33: NA | D33: =IF(C33="NA","NA",IF(C33<$C$4,0,C33-$C$4)) -> NA
B34: Finland | C34: 0.0032 | D34: =IF(C34="NA","NA",IF(C34<$C$4,0,C34-$C$4)) -> 0.0015
B35: France | C35: 0.0068 | D35: =IF(C35="NA","NA",IF(C35<$C$4,0,C35-$C$4)) -> 0.0051
B36: Gabon | C36: 0.0786 | D36: =IF(C36="NA","NA",IF(C36<$C$4,0,C36-$C$4)) -> 0.0769
B37: Germany | C37: 0.0024 | D37: =IF(C37="NA","NA",IF(C37<$C$4,0,C37-$C$4)) -> 0.0007
B38: Greece | C38: 0.0104 | D38: =IF(C38="NA","NA",IF(C38<$C$4,0,C38-$C$4)) -> 0.0087
B39: Guatemala | C39: 0.0221 | D39: =IF(C39="NA","NA",IF(C39<$C$4,0,C39-$C$4)) -> 0.0204
B40: Hong Kong | C40: 0.0059 | D40: =IF(C40="NA","NA",IF(C40<$C$4,0,C40-$C$4)) -> 0.0042
B41: Hungary | C41: 0.0183 | D41: =IF(C41="NA","NA",IF(C41<$C$4,0,C41-$C$4)) -> 0.0166
B42: Iceland | C42: 0.0047 | D42: =IF(C42="NA","NA",IF(C42<$C$4,0,C42-$C$4)) -> 0.003
B43: India | C43: 0.0084 | D43: =IF(C43="NA","NA",IF(C43<$C$4,0,C43-$C$4)) -> 0.0067
B44: Indonesia | C44: 0.0134 | D44: =IF(C44="NA","NA",IF(C44<$C$4,0,C44-$C$4)) -> 0.0117
B45: Iraq | C45: 0.0405 | D45: =IF(C45="NA","NA",IF(C45<$C$4,0,C45-$C$4)) -> 0.0388
... B54: Latvia | C54: 0.0098 | D54: =IF(C54="NA","NA",IF(C54<$C$4,0,C54-$C$4)) -> 0.0081
B55: Lebanon | C55: NA | D55: =IF(C55="NA","NA",IF(C55<$C$4,0,C55-$C$4)) -> NA
B56: Lithuania | C56: 0.009 | D56: =IF(C56="NA","NA",IF(C56<$C$4,0,C56-$C$4)) -> 0.0073
B57: Malaysia | C57: 0.0081 | D57: =IF(C57="NA","NA",IF(C57<$C$4,0,C57-$C$4)) -> 0.0064
B58: Mexico | C58: 0.0186 | D58: =IF(C58="NA","NA",IF(C58<$C$4,0,C58-$C$4)) -> 0.0169
B59: Mongolia | C59: 0.0438 | D59: =IF(C59="NA","NA",IF(C59<$C$4,0,C59-$C$4)) -> 0.0421
B60: Morocco | C60: 0.016 | D60: =IF(C60="NA","NA",IF(C60<$C$4,0,C60-$C$4)) -> 0.0143
B61: Namibia | C61: 0.0365 | D61: =IF(C61="NA","NA",IF(C61<$C$4,0,C61-$C$4)) -> 0.0348
B62: Netherlands | C62: 0.0025 | D62: =IF(C62="NA","NA",IF(C62<$C$4,0,C62-$C$4)) -> 0.0008
B63: New Zealand | C63: 0.0023 | D63: =IF(C63="NA","NA",IF(C63<$C$4,0,C63-$C$4)) -> 0.0006
B64: Nicaragua | C64: 0.0637 | D64: =IF(C64="NA","NA",IF(C64<$C$4,0,C64-$C$4)) -> 0.062
B65: Nigeria | C65: 0.0605 | D65: =IF(C65="NA","NA",IF(C65<$C$4,0,C65-$C$4)) -> 0.0588
B66: Norway | C66: 0.0022 | D66: =IF(C66="NA","NA",IF(C66<$C$4,0,C66-$C$4)) -> 0.0005
B67: Oman | C67: 0.0166 | D67: =IF(C67="NA","NA",IF(C67<$C$4,0,C67-$C$4)) -> 0.0149
... B75: Romania | C75: 0.0267 | D75: =IF(C75="NA","NA",IF(C75<$C$4,0,C75-$C$4)) -> 0.025
B76: Russia | C76: NA | D76: =IF(C76="NA","NA",IF(C76<$C$4,0,C76-$C$4)) -> NA
B77: Rwanda | C77: 0.0543 | D77: =IF(C77="NA","NA",IF(C77<$C$4,0,C77-$C$4)) -> 0.0526
B78: Saudi Arabia | C78: 0.0112 | D78: =IF(C78="NA","NA",IF(C78<$C$4,0,C78-$C$4)) -> 0.0095
B79: Senegal | C79: 0.0783 | D79: =IF(C79="NA","NA",IF(C79<$C$4,0,C79-$C$4)) -> 0.0766
B80: Serbia | C80: 0.023 | D80: =IF(C80="NA","NA",IF(C80<$C$4,0,C80-$C$4)) -> 0.0213
B81: Slovakia | C81: 0.0061 | D81: =IF(C81="NA","NA",IF(C81<$C$4,0,C81-$C$4)) -> 0.0044
B82: Slovenia | C82: 0.007 | D82: =IF(C82="NA","NA",IF(C82<$C$4,0,C82-$C$4)) -> 0.0053
B83: South Africa | C83: 0.0301 | D83: =IF(C83="NA","NA",IF(C83<$C$4,0,C83-$C$4)) -> 0.0284
B84: Spain | C84: 0.0064 | D84: =IF(C84="NA","NA",IF(C84<$C$4,0,C84-$C$4)) -> 0.0047
B85: Sri Lanka | C85: 0.0486 | D85: =IF(C85="NA","NA",IF(C85<$C$4,0,C85-$C$4)) -> 0.0469
B86: Sweden | C86: 0.0025 | D86: =IF(C86="NA","NA",IF(C86<$C$4,0,C86-$C$4)) -> 0.0008
B87: Switzerland | C87: 0.0017 | D87: =IF(C87="NA","NA",IF(C87<$C$4,0,C87-$C$4)) -> 0
B88: Thailand | C88: 0.0072 | D88: =IF(C88="NA","NA",IF(C88<$C$4,0,C88-$C$4)) -> 0.0055
... B90: Turkey | C90: 0.038 | D90: =IF(C90="NA","NA",IF(C90<$C$4,0,C90-$C$4)) -> 0.0363
B91: Ukraine | C91: NA | D91: =IF(C91="NA","NA",IF(C91<$C$4,0,C91-$C$4)) -> NA
B92: United Kingdom | C92: 0.0037 | D92: =IF(C92="NA","NA",IF(C92<$C$4,0,C92-$C$4)) -> 0.002
B93: United States | C93: 0.005 | D93: =IF(C93="NA","NA",IF(C93<$C$4,0,C93-$C$4)) -> 0.0033
B94: Uruguay | C94: 0.0119 | D94: =IF(C94="NA","NA",IF(C94<$C$4,0,C94-$C$4)) -> 0.0102
B95: Venezuela | C95: NA | D95: =IF(C95="NA","NA",IF(C95<$C$4,0,C95-$C$4)) -> NA
B96: Vietnam | C96: 0.0157 | D96: =IF(C96="NA","NA",IF(C96<$C$4,0,C96-$C$4)) -> 0.014
B97: Zambia | C97: NA | D97: =IF(C97="NA","NA",IF(C97<$C$4,0,C97-$C$4)) -> NA

Sheet GDP
B2: Gross Domestic Product of Countries
B4: GDP Source: World Bank
B6: Asia | C6: GDP (Millions)
B7: Bangladesh | C7: 450119.43
B8: Brunei | C8: 15340.81
B9: Cambodia | C9: 46352.65
B10: China | C10: 18743803
B11: Fiji | C11: 5968.13
B12: Hong Kong | C12: 406863.4
B13: India | C13: 3909891.5
B14: Indonesia | C14: 1396300.1
B15: Japan | C15: 4027597.5
B16: Korea | C16: 1875388.2
B17: Korea, D.P.R. | C17: 26600
B18: Laos | C18: 16502.93
... B33: Vietnam | C33: 476388.23
B35: Middle East | C35: GDP (Millions)
B36: Abu Dhabi | C36: 308000
B37: Bahrain | C37: 47109.73
B38: Iran | C38: 475252.09
B39: Iraq | C39: 279641.26
B40: Israel | C40: 540379.92
B41: Jordan | C41: 53352.29
B42: Kuwait | C42: 160227.27
B43: Lebanon | C43: 20078.62
B44: Oman | C44: 107137.2
B45: Qatar | C45: 219162.64
B46: Ras Al Khaimah (Emirate of) | C46: 12000
B47: Saudi Arabia | C47: 1239804.5
... B51: Yemen, Republic | C51: 21606.16
B53: Africa | C53: GDP (Millions)
B54: Algeria | C54: 269322.28
B55: Angola | C55: 100998.92
B56: Benin | C56: 21482.64
B57: Botswana | C57: 19402.06
B58: Burkina Faso | C58: 23124.73
B59: Cameroon | C59: 53296.69
B60: Cape Verde | C60: 2725.41
B61: Congo (Democratic Republic of) | C61: 70962.19
B62: Congo (Republic of) | C62: 15719.99
B63: Côte d'Ivoire | C63: 87113.18
B64: Egypt | C64: 389059.91
B65: Ethiopia | C65: 149740.3
... B95: Zimbabwe | C95: 41539.41
B97: Eastern Europe & Russia | C97: GDP (Millions)
B98: Albania | C98: 27046.43
B99: Armenia | C99: 25955.28
B100: Azerbaijan | C100: 74315.88
B101: Belarus | C101: 75961.87
B102: Bosnia and Herzegovina | C102: 29613.57
B103: Bulgaria | C103: 113343.36
B104: Croatia | C104: 92983.81
B105: Czech Republic | C105: 347034.06
B106: Estonia | C106: 43130.42
B107: Georgia | C107: 34189.42
B108: Hungary | C108: 222722.74
B109: Kazakhstan | C109: 291480.27
... B124: Uzbekistan | C124: 114965.29
B126: Westeren Europe | C126: GDP (Millions)
B127: Andorra (Principality of) | C127: 4039.84
B128: Austria | C128: 534790.72
B129: Belgium | C129: 671370.08
B130: Cyprus | C130: 37634.53
B131: Denmark | C131: 424524.72
B132: Finland | C132: 298696.96
B133: France | C133: 3160442.6
B134: Germany | C134: 4685592.6
B135: Greece | C135: 256238.37
B136: Guernsey (States of) | C136: 4430
B137: Iceland | C137: 33255.18
B138: Ireland | C138: 609157.46
... B152: United Kingdom | C152: 3686033
B154: North America | C154: GDP (Millions)
B155: Canada | C155: 2243636.8
B156: United States | C156: 28750956
B158: Central and South America | C158: GDP (Millions)
B159: Argentina | C159: 638365.46
B160: Belize | C160: 3203.63
B161: Bolivia | C161: 54881.33
B162: Brazil | C162: 2185821.6
B163: Chile | C163: 330267.14
B164: Colombia | C164: 418818.15
B165: Costa Rica | C165: 95350.42
B166: Ecuador | C166: 124676.07
B167: El Salvador | C167: 35364.96
B168: Guatemala | C168: 113199.58
B169: Guyana | C169: 24662.71
B170: Honduras | C170: 37093.57
... B178: Venezuela | C178: 119802.96
B180: Caribbean | C180: GDP (Millions)
B181: Aruba | C181: 4265.65
B182: Bahamas | C182: 15832.8
B183: Barbados | C183: 7498.05
B184: Bermuda | C184: 9233.6
B185: Cayman Islands | C185: 7241.24
B186: Cuba | C186: 107352
B187: Curacao | C187: 3561.18
B188: Dominican Republic | C188: 124282.25
B189: Haiti | C189: 25224.15
B190: Jamaica | C190: 22014.4
...
