Workbook

Sheet ReadMe
B2: Model by: | C2: Jay Prakash
B3: Website: | C3: https://jay-finance.github.io/portfolio/

Sheet ERPcalcINDIA
B2: ERP Calculation: | C2: India
B4: Mature Market | C4: United States
B5: Implied ERP of S&P 500 | C5: 0.0418
B6: Country Risk Premium | C6: =VLOOKUP(ERPcalcINDIA!C4,CDS!$B$8:$D$97,3,FALSE) -> 0.0033
B7: Mature Market ERP | C7: =C5-C6 -> 0.0385
B9: India's Rating | C9: =VLOOKUP(C2,Ratings!$B$4:$E$160,2,FALSE) -> Baa3
B10: Relative Volatility for Equity Market | C10: =RelativeVolatility!E11 -> 2.1734065
B12: Default Spread 1 (Rating) | C12: =VLOOKUP($C$9,Spreads!$C$8:$D$30,2,FALSE)/10000 -> 0.021767594
B13: Country Risk Premium 1 (Rating) | C13: =$C$10*C12 -> 0.04730983
B14: ERP 1 (Rating) | C14: =$C$7+C13 -> 0.08580983
B16: Default Spread 2 (CDS) | C16: =VLOOKUP($C$2,CDS!$B$8:$D$97,3,FALSE) -> 0.0067
B17: Country Risk Premium 2 (CDS) | C17: =$C$10*C16 -> 0.014561823
B18: ERP 2 (CDS) | C18: =$C$7+C17 -> 0.053061823

Sheet RelativeVolatility
B2: Relative Volatility for India
B4: Year | C4: Stdev (Nifty50) | D4: Stdev (GovBond) | E4: Relative Volatility
B6: 2020 | C6: =_xlfn.STDEV.S(D20:D271)*SQRT(252) -> 0.31223943 | D6: =_xlfn.STDEV.S(H20:H264)*SQRT(246) -> 0.12338549 | E6: =C6/D6 -> 2.5306009
B7: 2021 | C7: =_xlfn.STDEV.S(D273:D520)*SQRT(248) -> 0.15528737 | D7: =_xlfn.STDEV.S(H266:H506)*SQRT(241) -> 0.069604425 | E7: =C7/D7 -> 2.2309985
B8: 2022 | C8: =_xlfn.STDEV.S(D522:D769)*SQRT(248) -> 0.17189383 | D8: =_xlfn.STDEV.S(H508:H750)*SQRT(243) -> 0.10636233 | E8: =C8/D8 -> 1.6161157
B9: 2023 | C9: =_xlfn.STDEV.S(D771:D1016)*SQRT(246) -> 0.097007226 | D9: =_xlfn.STDEV.S(H752:H994)*SQRT(243) -> 0.056755855 | E9: =C9/D9 -> 1.7092021
B10: 2024 | C10: =_xlfn.STDEV.S(D1018:D1266)*SQRT(249) -> 0.13866747 | D10: =_xlfn.STDEV.S(H996:H1235)*SQRT(240) -> 0.046529577 | E10: =C10/D10 -> 2.9802004
B11: Avg Volatility (5Y) | C11: =AVERAGE(C6:C10) -> 0.17501906 | D11: =AVERAGE(D6:D10) -> 0.080527535 | E11: =C11/D11 -> 2.1734065
B13: Index: | C13: NIFTY 50 INDEX | F13: 10 Year Government Bond Yield
B14: Period: | C14: 5 Years (1st Jan 2020 - 31st Dec 2024) | F14: Period: | G14: 5 Years (1st Jan 2020 - 31st Dec 2024)
B15: Interval: | C15: Daily | F15: Interval: | G15: Daily
F16: ind bond
B17: Date | C17: Price | D17: Return | F17: Date | G17: Yield | H17: Return
B19: 43830 | C19: 12168.45 | F19: 43830 | G19: 6.554
B20: 43831 | C20: 12182.5 | D20: =C20/C19-1 -> 0.0011546253 | F20: 43831 | G20: 6.501 | H20: =G20/G19-1 -> -0.0080866646
B21: 43832 | C21: 12282.2 | D21: =C21/C20-1 -> 0.0081838703 | F21: 43832 | G21: 6.502 | H21: =G21/G20-1 -> 0.00015382249
B22: 43833 | C22: 12226.65 | D22: =C22/C21-1 -> -0.0045228054 | F22: 43833 | G22: 6.51 | H22: =G22/G21-1 -> 0.0012303906
B23: 43836 | C23: 11993.05 | D23: =C23/C22-1 -> -0.019105806 | F23: 43836 | G23: 6.565 | H23: =G23/G22-1 -> 0.0084485407
B24: 43837 | C24: 12052.95 | D24: =C24/C23-1 -> 0.0049945593 | F24: 43837 | G24: 6.55 | H24: =G24/G23-1 -> -0.0022848439
B25: 43838 | C25: 12025.35 | D25: =C25/C24-1 -> -0.0022898958 | F25: 43838 | G25: 6.557 | H25: =G25/G24-1 -> 0.0010687023
B26: 43839 | C26: 12215.9 | D26: =C26/C25-1 -> 0.015845693 | F26: 43839 | G26: 6.524 | H26: =G26/G25-1 -> -0.0050327894
B27: 43840 | C27: 12256.8 | D27: =C27/C26-1 -> 0.0033480955 | F27: 43840 | G27: 6.585 | H27: =G27/G26-1 -> 0.009350092
B28: 43843 | C28: 12329.55 | D28: =C28/C27-1 -> 0.0059354807 | F28: 43843 | G28: 6.592 | H28: =G28/G27-1 -> 0.001063022
B29: 43844 | C29: 12362.3 | D29: =C29/C28-1 -> 0.0026562202 | F29: 43844 | G29: 6.662 | H29: =G29/G28-1 -> 0.010618932
B30: 43845 | C30: 12343.3 | D30: =C30/C29-1 -> -0.0015369308 | F30: 43845 | G30: 6.623 | H30: =G30/G29-1 -> -0.0058540979
B31: 43846 | C31: 12355.5 | D31: =C31/C30-1 -> 0.00098839046 | F31: 43846 | G31: 6.598 | H31: =G31/G30-1 -> -0.0037747244
... B264: 44186 | C264: 13328.4 | D264: =C264/C263-1 -> -0.031404995 | F264: 44196 | G264: 5.894 | H264: =G264/G263-1 -> -0.00084760129
B265: 44187 | C265: 13466.3 | D265: =C265/C264-1 -> 0.010346328
B266: 44188 | C266: 13601.1 | D266: =C266/C265-1 -> 0.010010174 | F266: 44197 | G266: 5.898 | H266: =G266/G264-1 -> 0.00067865626
B267: 44189 | C267: 13749.25 | D267: =C267/C266-1 -> 0.010892501 | F267: 44200 | G267: 5.858 | H267: =G267/G266-1 -> -0.00678196
B268: 44193 | C268: 13873.2 | D268: =C268/C267-1 -> 0.0090150372 | F268: 44201 | G268: 5.85 | H268: =G268/G267-1 -> -0.0013656538
B269: 44194 | C269: 13932.6 | D269: =C269/C268-1 -> 0.0042816365 | F269: 44202 | G269: 5.894 | H269: =G269/G268-1 -> 0.0075213675
B270: 44195 | C270: 13981.95 | D270: =C270/C269-1 -> 0.0035420525 | F270: 44203 | G270: 5.892 | H270: =G270/G269-1 -> -0.00033932813
B271: 44196 | C271: 13981.75 | D271: =C271/C270-1 -> -1.4304156e-05 | F271: 44204 | G271: 5.892 | H271: =G271/G270-1 -> 0
F272: 44207 | G272: 5.924 | H272: =G272/G271-1 -> 0.005431093
B273: 44197 | C273: 14018.5 | D273: =C273/C271-1 -> 0.0026284263 | F273: 44208 | G273: 5.931 | H273: =G273/G272-1 -> 0.001181634
B274: 44200 | C274: 14132.9 | D274: =C274/C273-1 -> 0.0081606449 | F274: 44209 | G274: 5.947 | H274: =G274/G273-1 -> 0.0026976901
B275: 44201 | C275: 14199.5 | D275: =C275/C274-1 -> 0.0047124086 | F275: 44210 | G275: 5.924 | H275: =G275/G274-1 -> -0.0038674962
B276: 44202 | C276: 14146.25 | D276: =C276/C275-1 -> -0.003750132 | F276: 44211 | G276: 5.988 | H276: =G276/G275-1 -> 0.010803511
B277: 44203 | C277: 14137.35 | D277: =C277/C276-1 -> -0.000629142 | F277: 44214 | G277: 5.957 | H277: =G277/G276-1 -> -0.0051770207
B278: 44204 | C278: 14347.25 | D278: =C278/C277-1 -> 0.014847196 | F278: 44215 | G278: 5.936 | H278: =G278/G277-1 -> -0.0035252644
B279: 44207 | C279: 14484.75 | D279: =C279/C278-1 -> 0.0095837181 | F279: 44216 | G279: 5.942 | H279: =G279/G278-1 -> 0.0010107817
B280: 44208 | C280: 14563.45 | D280: =C280/C279-1 -> 0.0054333005 | F280: 44217 | G280: 5.956 | H280: =G280/G279-1 -> 0.0023561091
B281: 44209 | C281: 14564.85 | D281: =C281/C280-1 -> 9.6131068e-05 | F281: 44218 | G281: 5.939 | H281: =G281/G280-1 -> -0.0028542646
B282: 44210 | C282: 14595.6 | D282: =C282/C281-1 -> 0.0021112473 | F282: 44221 | G282: 5.954 | H282: =G282/G281-1 -> 0.0025256777
B283: 44211 | C283: 14433.7 | D283: =C283/C282-1 -> -0.011092384 | F283: 44223 | G283: 5.954 | H283: =G283/G282-1 -> 0
B284: 44214 | C284: 14281.3 | D284: =C284/C283-1 -> -0.010558623 | F284: 44224 | G284: 5.933 | H284: =G284/G283-1 -> -0.0035270406
B285: 44215 | C285: 14521.15 | D285: =C285/C284-1 -> 0.01679469 | F285: 44225 | G285: 5.949 | H285: =G285/G284-1 -> 0.0026967807
... B506: 44543 | C506: 17368.25 | D506: =C506/C505-1 -> -0.0081690109 | F506: 44561 | G506: 6.454 | H506: =G506/G505-1 -> -0.002318751
B507: 44544 | C507: 17324.9 | D507: =C507/C506-1 -> -0.0024959337
B508: 44545 | C508: 17221.4 | D508: =C508/C507-1 -> -0.0059740605 | F508: 44564 | G508: 6.46 | H508: =G508/G506-1 -> 0.00092965603
B509: 44546 | C509: 17248.4 | D509: =C509/C508-1 -> 0.0015678168 | F509: 44565 | G509: 6.518 | H509: =G509/G508-1 -> 0.0089783282
B510: 44547 | C510: 16985.2 | D510: =C510/C509-1 -> -0.015259386 | F510: 44566 | G510: 6.508 | H510: =G510/G509-1 -> -0.0015342129
B511: 44550 | C511: 16614.2 | D511: =C511/C510-1 -> -0.021842545 | F511: 44567 | G511: 6.525 | H511: =G511/G510-1 -> 0.0026121696
B512: 44551 | C512: 16770.85 | D512: =C512/C511-1 -> 0.0094286815 | F512: 44568 | G512: 6.542 | H512: =G512/G511-1 -> 0.002605364
B513: 44552 | C513: 16955.45 | D513: =C513/C512-1 -> 0.011007194 | F513: 44571 | G513: 6.59 | H513: =G513/G512-1 -> 0.0073372057
B514: 44553 | C514: 17072.6 | D514: =C514/C513-1 -> 0.0069092829 | F514: 44572 | G514: 6.57 | H514: =G514/G513-1 -> -0.0030349014
B515: 44554 | C515: 17003.75 | D515: =C515/C514-1 -> -0.0040327777 | F515: 44573 | G515: 6.593 | H515: =G515/G514-1 -> 0.003500761
B516: 44557 | C516: 17086.25 | D516: =C516/C515-1 -> 0.0048518709 | F516: 44574 | G516: 6.561 | H516: =G516/G515-1 -> -0.0048536326
B517: 44558 | C517: 17233.25 | D517: =C517/C516-1 -> 0.0086034092 | F517: 44575 | G517: 6.582 | H517: =G517/G516-1 -> 0.0032007316
B518: 44559 | C518: 17213.6 | D518: =C518/C517-1 -> -0.0011402376 | F518: 44578 | G518: 6.636 | H518: =G518/G517-1 -> 0.0082041933
B519: 44560 | C519: 17203.95 | D519: =C519/C518-1 -> -0.00056060324 | F519: 44579 | G519: 6.627 | H519: =G519/G518-1 -> -0.0013562387
B520: 44561 | C520: 17354.05 | D520: =C520/C519-1 -> 0.0087247405 | F520: 44580 | G520: 6.598 | H520: =G520/G519-1 -> -0.0043760374
F521: 44581 | G521: 6.608 | H521: =G521/G520-1 -> 0.0015156108
B522: 44564 | C522: 17625.7 | D522: =C522/C520-1 -> 0.015653407 | F522: 44582 | G522: 6.62 | H522: =G522/G521-1 -> 0.0018159806
B523: 44565 | C523: 17805.25 | D523: =C523/C522-1 -> 0.010186829 | F523: 44585 | G523: 6.652 | H523: =G523/G522-1 -> 0.0048338369
B524: 44566 | C524: 17925.25 | D524: =C524/C523-1 -> 0.0067395852 | F524: 44586 | G524: 6.662 | H524: =G524/G523-1 -> 0.0015033073
B525: 44567 | C525: 17745.9 | D525: =C525/C524-1 -> -0.010005439 | F525: 44588 | G525: 6.746 | H525: =G525/G524-1 -> 0.012608826
B526: 44568 | C526: 17812.7 | D526: =C526/C525-1 -> 0.0037642498 | F526: 44589 | G526: 6.768 | H526: =G526/G525-1 -> 0.0032611918
B527: 44571 | C527: 18003.3 | D527: =C527/C526-1 -> 0.010700231 | F527: 44592 | G527: 6.684 | H527: =G527/G526-1 -> -0.012411348
B528: 44572 | C528: 18055.75 | D528: =C528/C527-1 -> 0.0029133548 | F528: 44593 | G528: 6.828 | H528: =G528/G527-1 -> 0.021543986
B529: 44573 | C529: 18212.35 | D529: =C529/C528-1 -> 0.0086731374 | F529: 44594 | G529: 6.88 | H529: =G529/G528-1 -> 0.0076157001
B530: 44574 | C530: 18257.8 | D530: =C530/C529-1 -> 0.0024955593 | F530: 44595 | G530: 6.889 | H530: =G530/G529-1 -> 0.0013081395
B531: 44575 | C531: 18255.75 | D531: =C531/C530-1 -> -0.00011228078 | F531: 44596 | G531: 6.879 | H531: =G531/G530-1 -> -0.0014515895
B532: 44578 | C532: 18308.1 | D532: =C532/C531-1 -> 0.0028675897 | F532: 44600 | G532: 6.81 | H532: =G532/G531-1 -> -0.010030528
B533: 44579 | C533: 18113.05 | D533: =C533/C532-1 -> -0.010653754 | F533: 44601 | G533: 6.798 | H533: =G533/G532-1 -> -0.0017621145
B534: 44580 | C534: 17938.4 | D534: =C534/C533-1 -> -0.0096422193 | F534: 44602 | G534: 6.725 | H534: =G534/G533-1 -> -0.010738452
... B750: 44900 | C750: 18701.05 | D750: =C750/C749-1 -> 0.0002647611 | F750: 44925 | G750: 7.327 | H750: =G750/G749-1 -> 0.0021884831
B751: 44901 | C751: 18642.75 | D751: =C751/C750-1 -> -0.003117472
B752: 44902 | C752: 18560.5 | D752: =C752/C751-1 -> -0.0044119028 | F752: 44928 | G752: 7.34 | H752: =G752/G750-1 -> 0.0017742596
B753: 44903 | C753: 18609.35 | D753: =C753/C752-1 -> 0.0026319334 | F753: 44929 | G753: 7.321 | H753: =G753/G752-1 -> -0.0025885559
B754: 44904 | C754: 18496.6 | D754: =C754/C753-1 -> -0.0060587823 | F754: 44930 | G754: 7.321 | H754: =G754/G753-1 -> 0
B755: 44907 | C755: 18497.15 | D755: =C755/C754-1 -> 2.9735195e-05 | F755: 44931 | G755: 7.327 | H755: =G755/G754-1 -> 0.00081956017
B756: 44908 | C756: 18608 | D756: =C756/C755-1 -> 0.0059928151 | F756: 44932 | G756: 7.373 | H756: =G756/G755-1 -> 0.0062781493
B757: 44909 | C757: 18660.3 | D757: =C757/C756-1 -> 0.0028106191 | F757: 44935 | G757: 7.342 | H757: =G757/G756-1 -> -0.00420453
B758: 44910 | C758: 18414.9 | D758: =C758/C757-1 -> -0.013150914 | F758: 44936 | G758: 7.313 | H758: =G758/G757-1 -> -0.0039498774
B759: 44911 | C759: 18269 | D759: =C759/C758-1 -> -0.007922932 | F759: 44937 | G759: 7.291 | H759: =G759/G758-1 -> -0.0030083413
B760: 44914 | C760: 18420.45 | D760: =C760/C759-1 -> 0.0082899995 | F760: 44938 | G760: 7.286 | H760: =G760/G759-1 -> -0.00068577699
B761: 44915 | C761: 18385.3 | D761: =C761/C760-1 -> -0.0019082053 | F761: 44939 | G761: 7.299 | H761: =G761/G760-1 -> 0.0017842438
B762: 44916 | C762: 18199.1 | D762: =C762/C761-1 -> -0.010127656 | F762: 44942 | G762: 7.327 | H762: =G762/G761-1 -> 0.0038361419
B763: 44917 | C763: 18127.35 | D763: =C763/C762-1 -> -0.0039425027 | F763: 44943 | G763: 7.333 | H763: =G763/G762-1 -> 0.00081888904
B764: 44918 | C764: 17806.8 | D764: =C764/C763-1 -> -0.017683225 | F764: 44944 | G764: 7.325 | H764: =G764/G763-1 -> -0.0010909587
... B769: 44925 | C769: 18105.3 | D769: =C769/C768-1 -> -0.0047111209 | F769: 44951 | G769: 7.347 | H769: =G769/G768-1 -> 0.00013612851
F770: 44953 | G770: 7.387 | H770: =G770/G769-1 -> 0.0054443991
B771: 44928 | C771: 18197.45 | D771: =C771/C769-1 -> 0.0050896699 | F771: 44956 | G771: 7.401 | H771: =G771/G770-1 -> 0.0018952213
B772: 44929 | C772: 18232.55 | D772: =C772/C771-1 -> 0.0019288417 | F772: 44957 | G772: 7.343 | H772: =G772/G771-1 -> -0.0078367788
B773: 44930 | C773: 18042.95 | D773: =C773/C772-1 -> -0.010398984 | F773: 44958 | G773: 7.277 | H773: =G773/G772-1 -> -0.008988152
B774: 44931 | C774: 17992.15 | D774: =C774/C773-1 -> -0.0028155041 | F774: 44959 | G774: 7.296 | H774: =G774/G773-1 -> 0.0026109661
B775: 44932 | C775: 17859.45 | D775: =C775/C774-1 -> -0.0073754387 | F775: 44960 | G775: 7.277 | H775: =G775/G774-1 -> -0.0026041667
B776: 44935 | C776: 18101.2 | D776: =C776/C775-1 -> 0.013536251 | F776: 44961 | G776: 7.277 | H776: =G776/G775-1 -> 0
...

Sheet Data>

Sheet CDS
B2: 10 Year Credit Default Spread
B4: Switzerland CDS | C4: 0.0017
B6: Country | C6: CDS November 2025 | D6: Net of Switzerland
B8: Abu Dhabi | C8: 0.0068 | D8: 0.0051 | F8: Source: NYU Stern website, Damodaran online
B9: Algeria | C9: 0.014 | D9: 0.0123
B10: Angola | C10: 0.0716 | D10: 0.0699
B11: Argentina | C11: 0.0837 | D11: 0.082
B12: Australia | C12: 0.0018 | D12: 0.0001
B13: Austria | C13: 0.0032 | D13: 0.0015
B14: Bahrain | C14: 0.0279 | D14: 0.0262
B15: Belgium | C15: 0.005 | D15: 0.0033
B16: Brazil | C16: 0.0255 | D16: 0.0238
B17: Bulgaria | C17: 0.0112 | D17: 0.0095
B18: Cameroon | C18: 0.0803 | D18: 0.0786
B19: Canada | C19: 0.0037 | D19: 0.002
B20: Chile | C20: 0.0104 | D20: 0.0087
... B32: Estonia | C32: 0.0093 | D32: 0.0076
B33: Ethiopia | C33: NA | D33: NA
B34: Finland | C34: 0.0032 | D34: 0.0015
B35: France | C35: 0.0068 | D35: 0.0051
B36: Gabon | C36: 0.0786 | D36: 0.0769
B37: Germany | C37: 0.0024 | D37: 0.0007
B38: Greece | C38: 0.0104 | D38: 0.0087
B39: Guatemala | C39: 0.0221 | D39: 0.0204
B40: Hong Kong | C40: 0.0059 | D40: 0.0042
B41: Hungary | C41: 0.0183 | D41: 0.0166
B42: Iceland | C42: 0.0047 | D42: 0.003
B43: India | C43: 0.0084 | D43: 0.0067
B44: Indonesia | C44: 0.0134 | D44: 0.0117
B45: Iraq | C45: 0.0405 | D45: 0.0388
... B54: Latvia | C54: 0.0098 | D54: 0.0081
B55: Lebanon | C55: NA | D55: NA
B56: Lithuania | C56: 0.009 | D56: 0.0073
B57: Malaysia | C57: 0.0081 | D57: 0.0064
B58: Mexico | C58: 0.0186 | D58: 0.0169
B59: Mongolia | C59: 0.0438 | D59: 0.0421
B60: Morocco | C60: 0.016 | D60: 0.0143
B61: Namibia | C61: 0.0365 | D61: 0.0348
B62: Netherlands | C62: 0.0025 | D62: 0.0008
B63: New Zealand | C63: 0.0023 | D63: 0.0006
B64: Nicaragua | C64: 0.0637 | D64: 0.062
B65: Nigeria | C65: 0.0605 | D65: 0.0588
B66: Norway | C66: 0.0022 | D66: 0.0005
B67: Oman | C67: 0.0166 | D67: 0.0149
... B75: Romania | C75: 0.0267 | D75: 0.025
B76: Russia | C76: NA | D76: NA
B77: Rwanda | C77: 0.0543 | D77: 0.0526
B78: Saudi Arabia | C78: 0.0112 | D78: 0.0095
B79: Senegal | C79: 0.0783 | D79: 0.0766
B80: Serbia | C80: 0.023 | D80: 0.0213
B81: Slovakia | C81: 0.0061 | D81: 0.0044
B82: Slovenia | C82: 0.007 | D82: 0.0053
B83: South Africa | C83: 0.0301 | D83: 0.0284
B84: Spain | C84: 0.0064 | D84: 0.0047
B85: Sri Lanka | C85: 0.0486 | D85: 0.0469
B86: Sweden | C86: 0.0025 | D86: 0.0008
B87: Switzerland | C87: 0.0017 | D87: 0
B88: Thailand | C88: 0.0072 | D88: 0.0055
... B90: Turkey | C90: 0.038 | D90: 0.0363
B91: Ukraine | C91: NA | D91: NA
B92: United Kingdom | C92: 0.0037 | D92: 0.002
B93: United States | C93: 0.005 | D93: 0.0033
B94: Uruguay | C94: 0.0119 | D94: 0.0102
B95: Venezuela | C95: NA | D95: NA
B96: Vietnam | C96: 0.0157 | D96: 0.014
B97: Zambia | C97: NA | D97: NA

Sheet Ratings
B2: Country | C2: Moody's Rating | D2: S&P Rating | E2: FITCH Rating
B4: Abu Dhabi | C4: Aa2 | D4: NR | E4: NR | G4: Source: NYU Stern website, Damodaran online
B5: Albania | C5: Ba3 | D5: BB- | E5: NR
B6: Andorra (Principality of) | C6: Baa1 | D6: A- | E6: A-
B7: Angola | C7: B3 | D7: B- | E7: B-
B8: Argentina | C8: Ca | D8: CCC | E8: CCC
B9: Armenia | C9: Ba3 | D9: BB- | E9: B+
B10: Aruba | C10: Baa3 | D10: BBB | E10: NR
B11: Australia | C11: Aaa | D11: AAA | E11: AAA
B12: Austria | C12: Aa1 | D12: AA+ | E12: AA+
B13: Azerbaijan | C13: Ba1 | D13: BB+ | E13: BB+
B14: Bahamas | C14: B1 | D14: B+ | E14: NR
B15: Bahrain | C15: B2 | D15: B+ | E15: B+
B16: Bangladesh | C16: B2 | D16: B+ | E16: B+
... B42: Croatia | C42: A3 | D42: A- | E42: BBB+
B43: Cuba | C43: Ca | D43: 0 | E43: NR
B44: Curacao | C44: Baa3 | D44: BBB- | E44: NR
B45: Cyprus | C45: A3 | D45: A- | E45: A-
B46: Czech Republic | C46: Aa3 | D46: AA- | E46: AA-
B47: Denmark | C47: Aaa | D47: AAA | E47: AAA
B48: Dominican Republic | C48: Ba3 | D48: BB | E48: BB-
B49: Ecuador | C49: Caa3 | D49: B- | E49: CCC+
B50: Egypt | C50: Caa1 | D50: B- | E50: B-
B51: El Salvador | C51: B3 | D51: B- | E51: CC
B52: Estonia | C52: A1 | D52: NR | E52: AA-
B53: Ethiopia | C53: Caa2 | D53: SD | E53: NR
B54: Fiji | C54: B1 | D54: B+ | E54: NR
B55: Finland | C55: Aa1 | D55: AA+ | E55: AA+
... B83: Kyrgyzstan | C83: B3 | D83: NR | E83: NR
B84: Laos | C84: Caa3 | D84: 0 | E84: CCC-
B85: Latvia | C85: A3 | D85: A | E85: A-
B86: Lebanon | C86: C | D86: D | E86: NR
B87: Liechtenstein | C87: Aaa | D87: AAA | E87: NR
B88: Lithuania | C88: A2 | D88: A | E88: A
B89: Luxembourg | C89: Aaa | D89: AAA | E89: AAA
B90: Macao | C90: Aa3 | D90: NR | E90: NR
B91: Macedonia | C91: Ba3 | D91: BB- | E91: NR
B92: Malaysia | C92: A3 | D92: A- | E92: BBB+
B93: Maldives | C93: Caa2 | D93: 0 | E93: CC
B94: Mali | C94: Caa2 | D94: 0 | E94: NR
B95: Malta | C95: A2 | D95: A- | E95: A+
B96: Mauritius | C96: Baa3 | D96: BBB- | E96: NR
B97: Mexico | C97: Baa2 | D97: BBB | E97: BBB-
B98: Moldova | C98: B3 | D98: 0 | E98: B+
B99: Mongolia | C99: B2 | D99: B+ | E99: B+
B100: Montenegro | C100: B1 | D100: B+ | E100: NR
B101: Montserrat | C101: Baa3 | D101: BBB- | E101: NR
B102: Morocco | C102: Ba1 | D102: BB+ | E102: BB+
B103: Mozambique | C103: Caa2 | D103: CCC+ | E103: CCC
B104: Namibia | C104: B1 | D104: 0 | E104: BB
B105: Nepal | C105: Ba3 | D105: NR | E105: BB-
B106: Netherlands | C106: Aaa | D106: AAA | E106: AAA
B107: New Zealand | C107: Aaa | D107: AA+ | E107: AA+
B108: Nicaragua | C108: B2 | D108: B+ | E108: B
B109: Niger | C109: Caa3 | D109: 0 | E109: NR
B110: Nigeria | C110: Caa1 | D110: B- | E110: B-
B111: Norway | C111: Aaa | D111: AAA | E111: AAA
B112: Oman | C112: Ba1 | D112: BBB- | E112: BB+
B113: Pakistan | C113: Caa2 | D113: CCC+ | E113: CCC+
B114: Panama | C114: Baa3 | D114: BBB- | E114: BB+
B115: Papua New Guinea | C115: B2 | D115: B- | E115: NR
B116: Paraguay | C116: Baa3 | D116: BB+ | E116: BB+
B117: Peru | C117: Baa1 | D117: BBB- | E117: BBB
B118: Philippines | C118: Baa2 | D118: BBB+ | E118: BBB
B119: Poland | C119: A2 | D119: A- | E119: A-
B120: Portugal | C120: A3 | D120: A- | E120: A-
B121: Qatar | C121: Aa2 | D121: AA | E121: AA
... B131: Slovenia | C131: A3 | D131: AA- | E131: A
B132: Solomon Islands | C132: Caa1 | D132: 0 | E132: NR
B133: South Africa | C133: Ba2 | D133: BB- | E133: BB-
B134: Spain | C134: Baa1 | D134: A- | E134: A-
B135: Sri Lanka | C135: Ca | D135: SD | E135: NR
B136: St. Maarten | C136: Ba2 | D136: NR | E136: NR
B137: St. Vincent & the Grenadines | C137: B3 | D137: NR | E137: NR
B138: Suriname | C138: Caa1 | D138: CCC+ | E138: NR
B139: Swaziland | C139: B2 | D139: NR | E139: NR
B140: Sweden | C140: Aaa | D140: AAA | E140: AAA
B141: Switzerland | C141: Aaa | D141: AAA | E141: AAA
B142: Taiwan | C142: Aa3 | D142: AA+ | E142: AA
B143: Tajikistan | C143: B3 | D143: B | E143: NR
B144: Tanzania | C144: B1 | D144: 0 | E144: B+
B145: Thailand | C145: Baa1 | D145: BBB+ | E145: BBB+
B146: Togo | C146: B3 | D146: B | E146: NR
B147: Trinidad and Tobago | C147: Ba2 | D147: BBB- | E147: NR
B148: Tunisia | C148: Caa2 | D148: NR | E148: CCC+
B149: Turkey | C149: B1 | D149: BB- | E149: B+
B150: Turks and Caicos Islands | C150: Baa1 | D150: BBB | E150: NR
B151: Uganda | C151: B3 | D151: B- | E151: B
B152: Ukraine | C152: Ca | D152: SD | E152: NR
B153: United Arab Emirates | C153: Aa2 | D153: AA | E153: AA-
B154: United Kingdom | C154: Aa3 | D154: AA | E154: AA-
B155: United States | C155: Aaa | D155: AA+ | E155: NR
B156: Uruguay | C156: Baa1 | D156: BBB+ | E156: BBB
... B160: Zambia | C160: Caa2 | D160: SD | E160: NR

Sheet Spreads
B2: Rating Based Default Spread for countries and corporates
B4: Country Default Spread's based on their Ratings
B6: Ratings | C6: Moody's Ratings | D6: Rating-basedDefault Spread
B8: AAA | C8: Aaa | D8: 0
B9: AA+ | C9: Aa1 | D9: 39.577444
B10: AA | C10: Aa2 | D10: 48.889784
B11: AA- | C11: Aa3 | D11: 59.366167
B12: A+ | C12: A1 | D12: 69.842549
B13: A | C13: A2 | D13: 83.811059
B14: A- | C14: A3 | D14: 118.73233
B15: BBB+ | C15: Baa1 | D15: 158.30978
B16: BBB | C16: Baa2 | D16: 188.57488
B17: BBB- | C17: Baa3 | D17: 217.67594
B18: BB+ | C18: Ba1 | D18: 247.94105
B19: BB | C19: Ba2 | D19: 297.99488
... B29: D | C29: C | D29: 1750
B30: NR | C30: NR | D30: NA
